title,type,country,dataProvider,provider,year,rights,language,dcCreator,guid,europeanaCompleteness,timestamp_created
"van Gogh, Selbstpoträt",IMAGE,Germany,Media library of Art and Visual History of Humboldt University of Berlin,German Digital Library,,http://creativecommons.org/licenses/by-sa/4.0/,de,"van Gogh, Vincent (1853-1890) (Künstler/Hersteller)",https://www.europeana.eu/item/626/item_2AQ7JTYGKENYVTCGOD5GWJCJZCMH6IFE?utm_source=api&utm_medium=api&utm_campaign=apidemo,0,2021-12-20T15:24:25.687Z
"van Gogh, Quittenstillleben",IMAGE,Germany,Media library of Art and Visual History of Humboldt University of Berlin,German Digital Library,,http://creativecommons.org/licenses/by-sa/4.0/,de,"van Gogh, Vincent (1853-1890) (Künstler/Hersteller)",https://www.europeana.eu/item/626/item_FIIPN63ZUXPO52NPCSMB4E2I74AOKOC4?utm_source=api&utm_medium=api&utm_campaign=apidemo,0,2021-12-20T15:24:25.687Z
"van Gogh, Selbstpoträt",IMAGE,Germany,Media library of Art and Visual History of Humboldt University of Berlin,German Digital Library,,http://creativecommons.org/licenses/by-sa/4.0/,de,"van Gogh, Vincent (1853-1890) (Künstler/Hersteller)",https://www.europeana.eu/item/626/item_HQHAMLTIMAQORYGUR7AXLG6DHRDHXT2E?utm_source=api&utm_medium=api&utm_campaign=apidemo,0,2021-12-20T15:24:25.687Z
"van Gogh, La Mousmé",IMAGE,Germany,Media library of Art and Visual History of Humboldt University of Berlin,German Digital Library,,http://creativecommons.org/licenses/by-sa/4.0/,de,"van Gogh, Vincent (1853-1890) (Künstler/Hersteller)",https://www.europeana.eu/item/626/item_I5SCNXAPICGZ7VREWVPVAF57VU47BXYP?utm_source=api&utm_medium=api&utm_campaign=apidemo,0,2021-12-20T15:24:25.687Z
"van Gogh, Häuser in Auvers",IMAGE,Germany,Media library of Art and Visual History of Humboldt University of Berlin,German Digital Library,,http://creativecommons.org/licenses/by-sa/4.0/,de,"van Gogh, Vincent (1853-1890) (Künstler/Hersteller)",https://www.europeana.eu/item/626/item_IPDMLTBCSD5ZLCBGZ3IERXQTIO4MF7KG?utm_source=api&utm_medium=api&utm_campaign=apidemo,0,2021-12-20T15:24:25.687Z
"van Gogh, Der Garten von Daubigny",IMAGE,Germany,Media library of Art and Visual History of Humboldt University of Berlin,German Digital Library,,http://creativecommons.org/licenses/by-sa/4.0/,de,"van Gogh, Vincent (1853-1890) (Künstler/Hersteller)",https://www.europeana.eu/item/626/item_JWGNFQWRJKXJOY7LQNM6XAWMW4GDSMLH?utm_source=api&utm_medium=api&utm_campaign=apidemo,0,2021-12-20T15:24:25.687Z
"van Gogh, Poträt von Dr. Gachet (Serie)",IMAGE,Germany,Media library of Art and Visual History of Humboldt University of Berlin,German Digital Library,,http://creativecommons.org/licenses/by-sa/4.0/,de,"van Gogh, Vincent (1853-1890) (Künstler/Hersteller)",https://www.europeana.eu/item/626/item_LXU5GBNW2GNASAEFERGTPPZH42XTOJ5V?utm_source=api&utm_medium=api&utm_campaign=apidemo,0,2021-12-20T15:24:25.687Z
"van Gogh, Blick auf Arles",IMAGE,Germany,Media library of Art and Visual History of Humboldt University of Berlin,German Digital Library,,http://creativecommons.org/licenses/by-sa/4.0/,de,"van Gogh, Vincent (1853-1890) (Künstler/Hersteller)",https://www.europeana.eu/item/626/item_RXHHPOB3HULFQXMI56QJQHGZQ6CCSNV5?utm_source=api&utm_medium=api&utm_campaign=apidemo,0,2021-12-20T15:24:25.687Z
"van Gogh, Potrait de Joseph Roulin",IMAGE,Germany,Media library of Art and Visual History of Humboldt University of Berlin,German Digital Library,,http://creativecommons.org/licenses/by-sa/4.0/,de,"van Gogh, Vincent (1853-1890) (Künstler/Hersteller)",https://www.europeana.eu/item/626/item_TJXSTOPEDIAKTEFL6R6UALR6RZOSG6FA?utm_source=api&utm_medium=api&utm_campaign=apidemo,0,2021-12-20T15:24:25.687Z
"van Gogh, Potrait de Joseph Roulin",IMAGE,Germany,Media library of Art and Visual History of Humboldt University of Berlin,German Digital Library,,http://creativecommons.org/licenses/by-sa/4.0/,de,"van Gogh, Vincent (1853-1890) (Künstler/Hersteller)",https://www.europeana.eu/item/626/item_YSLBXGSJS6N4GYL2QGIIVORB5K4W4V37?utm_source=api&utm_medium=api&utm_campaign=apidemo,0,2021-12-20T15:24:25.687Z
"Katu, Auvers-sur-Oise",IMAGE,Finland,Finnish National Gallery,National Library of Finland,,http://creativecommons.org/publicdomain/zero/1.0/,mul,"Gogh, Vincent van",https://www.europeana.eu/item/2021012/_D58C091103F4D9D5DF15A9BC9A202DCE?utm_source=api&utm_medium=api&utm_campaign=apidemo,10,2023-11-08T09:11:03.624Z
Landscape with house and trees,IMAGE,Austria,The Albertina Museum,Kulturpool,,http://creativecommons.org/publicdomain/mark/1.0/,de,Vincent Van Gogh (Künstler_in),https://www.europeana.eu/item/15508/26871?utm_source=api&utm_medium=api&utm_campaign=apidemo,6,2019-08-01T12:24:05.661Z
Vincent van Gogh. Olijfgaard,IMAGE,Belgium,Catholic University of Leuven,PHOTOCONSORTIUM,1889,http://creativecommons.org/publicdomain/mark/1.0/,mul,Vincent van Gogh,https://www.europeana.eu/item/2024903/photography_ProvidedCHO_KU_Leuven_9990752030101488?utm_source=api&utm_medium=api&utm_campaign=apidemo,10,2019-10-07T11:00:43.516Z
Vincent van Gogh. Treurende oude man,IMAGE,Belgium,Catholic University of Leuven,PHOTOCONSORTIUM,1890,http://creativecommons.org/publicdomain/mark/1.0/,mul,Vincent van Gogh,https://www.europeana.eu/item/2024903/photography_ProvidedCHO_KU_Leuven_9990752060101488?utm_source=api&utm_medium=api&utm_campaign=apidemo,10,2019-10-07T11:00:43.516Z
Vincent van Gogh. Dokter Paul Gachet,IMAGE,Belgium,Catholic University of Leuven,PHOTOCONSORTIUM,1890,http://creativecommons.org/publicdomain/mark/1.0/,mul,Vincent van Gogh,https://www.europeana.eu/item/2024903/photography_ProvidedCHO_KU_Leuven_9990752200101488?utm_source=api&utm_medium=api&utm_campaign=apidemo,10,2019-10-07T11:00:43.516Z
Vincent van Gogh. Père Tanguy,IMAGE,Belgium,Catholic University of Leuven,PHOTOCONSORTIUM,1887,http://creativecommons.org/publicdomain/mark/1.0/,mul,Vincent van Gogh,https://www.europeana.eu/item/2024903/photography_ProvidedCHO_KU_Leuven_9990752210101488?utm_source=api&utm_medium=api&utm_campaign=apidemo,10,2019-10-07T11:00:43.516Z
Vincent van Gogh. Weg achter de pastorietuin te Nuenen,IMAGE,Belgium,Catholic University of Leuven,PHOTOCONSORTIUM,,http://creativecommons.org/publicdomain/mark/1.0/,mul,Vincent van Gogh,https://www.europeana.eu/item/2024903/photography_ProvidedCHO_KU_Leuven_9990752610101488?utm_source=api&utm_medium=api&utm_campaign=apidemo,10,2019-10-07T11:00:43.516Z
Vincent van Gogh. Portret van Armand Roulin,IMAGE,Belgium,Catholic University of Leuven,PHOTOCONSORTIUM,1888,http://creativecommons.org/publicdomain/mark/1.0/,mul,Vincent van Gogh,https://www.europeana.eu/item/2024903/photography_ProvidedCHO_KU_Leuven_9990940300101488?utm_source=api&utm_medium=api&utm_campaign=apidemo,10,2019-10-07T11:00:43.516Z
Stillleben mit fünf Flaschen,IMAGE,Austria,Austrian Gallery Belvedere,Kulturpool,1884,http://creativecommons.org/licenses/by-sa/4.0/,de,Vincent van Gogh,https://www.europeana.eu/item/1320/https___id_kulturpool_at_8d8cf180_1ee0_484b_8dd7_040785a6418c_cho?utm_source=api&utm_medium=api&utm_campaign=apidemo,10,2020-06-19T17:40:58.036Z
Die Ebene von Auvers,IMAGE,Austria,Austrian Gallery Belvedere,Kulturpool,1890,http://creativecommons.org/licenses/by-sa/4.0/,de,Vincent van Gogh,https://www.europeana.eu/item/1320/https___id_kulturpool_at_d8ee147a_a3c3_438d_8641_92de48813b03_cho?utm_source=api&utm_medium=api&utm_campaign=apidemo,10,2020-06-19T17:40:58.036Z
"Albuminscriptie / van J.A. van Gogh, voor John Symons",TEXT,Netherlands,"KB, National Library of the Netherlands",The European Library,,http://creativecommons.org/publicdomain/mark/1.0/,nl,"Gogh, J.A. van",https://www.europeana.eu/item/92065/BibliographicResource_1000056096266?utm_source=api&utm_medium=api&utm_campaign=apidemo,6,2014-06-04T08:27:57.536Z
"Albuminscriptie / van J.M. van Gogh, voor Maria Elisabeth Varkevisser (1824-1898)",TEXT,Netherlands,"KB, National Library of the Netherlands",The European Library,,http://creativecommons.org/publicdomain/mark/1.0/,nl,"Gogh, J.M. van",https://www.europeana.eu/item/92065/BibliographicResource_1000056090215?utm_source=api&utm_medium=api&utm_campaign=apidemo,7,2014-06-04T08:22:15.475Z
"Albuminscriptie / van G.M. van Gogh, voor Maria Elisabeth Varkevisser (1824-1898)",TEXT,Netherlands,"KB, National Library of the Netherlands",The European Library,,http://creativecommons.org/publicdomain/mark/1.0/,nl,"Gogh, G.M. van",https://www.europeana.eu/item/92065/BibliographicResource_1000056090166?utm_source=api&utm_medium=api&utm_campaign=apidemo,7,2014-06-04T08:22:14.538Z
"Albuminscriptie / van H.H. van Gogh, voor Maria Elisabeth Varkevisser (1824-1898)",TEXT,Netherlands,"KB, National Library of the Netherlands",The European Library,,http://creativecommons.org/publicdomain/mark/1.0/,nl,"Gogh, H.H. van",https://www.europeana.eu/item/92065/BibliographicResource_1000056090304?utm_source=api&utm_medium=api&utm_campaign=apidemo,7,2014-06-04T08:22:12.348Z
Tavla,IMAGE,Sweden,Swedish Air Force Museum,Swedish Open Cultural Heritage,,http://creativecommons.org/licenses/by/4.0/,sv,"van Gogh, Vincent",https://www.europeana.eu/item/916113/S_FV_object_FVM152624?utm_source=api&utm_medium=api&utm_campaign=apidemo,6,2024-09-25T13:20:46.379Z
Lettres de Van Gogh à Van Rappard. Traduit par L. Roelandt...,TEXT,France,National Library of France,National Library of France,1950,http://rightsstatements.org/vocab/NoC-OKLR/1.0/,fr,"Van Gogh, Vincent (1853-1890). Auteur du texte",https://www.europeana.eu/item/794/ark__12148_bpt6k1422337c?utm_source=api&utm_medium=api&utm_campaign=apidemo,7,2021-07-09T15:28:10.286Z
"Bulletin de livres en vente chez le Libraire C. M. van Gogh, 1867, Aug.",TEXT,Germany,Bavarian State Library,German Digital Library,1867,http://rightsstatements.org/vocab/NoC-NC/1.0/,de,Libraire C. M. van Gogh (Amsterdam),https://www.europeana.eu/item/362/item_F5TQ7KE3RU3MC7SVTD5SEHQNZIKGVDNP?utm_source=api&utm_medium=api&utm_campaign=apidemo,8,2020-09-28T20:43:12.455Z
"van Gogh, Poträt des Doktor Felix Rey",IMAGE,Germany,Media library of Art and Visual History of Humboldt University of Berlin,German Digital Library,,http://rightsstatements.org/vocab/InC/1.0/,de,"van Gogh, Vincent (1853-1890) (Künstler/Hersteller)",https://www.europeana.eu/item/626/item_5BBVQO7MSVFAJ3ZCKWPSZ6Q7TO3JABSS?utm_source=api&utm_medium=api&utm_campaign=apidemo,0,2021-12-20T15:24:25.687Z
"van Gogh, Roter Weinberg",IMAGE,Germany,Media library of Art and Visual History of Humboldt University of Berlin,German Digital Library,,http://rightsstatements.org/vocab/InC/1.0/,de,"van Gogh, Vincent (1853-1890) (Künstler/Hersteller)",https://www.europeana.eu/item/626/item_5K6X26EOIGUNUUACT7IFASIHX2RMS776?utm_source=api&utm_medium=api&utm_campaign=apidemo,0,2021-12-20T15:24:25.687Z
"van Gogh, Häuser in Auvers",IMAGE,Germany,Media library of Art and Visual History of Humboldt University of Berlin,German Digital Library,,http://rightsstatements.org/vocab/InC/1.0/,de,"van Gogh, Vincent (1853-1890) (Künstler/Hersteller)",https://www.europeana.eu/item/626/item_AXPRZG57VBVFYIGBG736SXMBIRVIOVCP?utm_source=api&utm_medium=api&utm_campaign=apidemo,0,2021-12-20T15:24:25.687Z
"van Gogh, Tête de femme",IMAGE,Germany,Media library of Art and Visual History of Humboldt University of Berlin,German Digital Library,,http://rightsstatements.org/vocab/InC/1.0/,de,"van Gogh, Vincent (1853-1890) (Künstler/Hersteller)",https://www.europeana.eu/item/626/item_F6K57A3NLN72QRNWAGUEKFEXGKUU2H5T?utm_source=api&utm_medium=api&utm_campaign=apidemo,0,2021-12-20T15:24:25.687Z
"van Gogh, Selbstpoträt mit verbundenem Ohr",IMAGE,Germany,Media library of Art and Visual History of Humboldt University of Berlin,German Digital Library,,http://rightsstatements.org/vocab/InC/1.0/,de,"van Gogh, Vincent (1853-1890) (Künstler/Hersteller)",https://www.europeana.eu/item/626/item_HXFCOKRL4WNYMKSYHG6JOQUFIVPNOTHU?utm_source=api&utm_medium=api&utm_campaign=apidemo,0,2021-12-20T15:24:25.687Z
"van Gogh, Der Rundgang der Gefangenen",IMAGE,Germany,Media library of Art and Visual History of Humboldt University of Berlin,German Digital Library,,http://rightsstatements.org/vocab/InC/1.0/,de,"van Gogh, Vincent (1853-1890) (Künstler/Hersteller)",https://www.europeana.eu/item/626/item_JCBF5YUGTGMAFA37JCQQNYTKWEY3AS3G?utm_source=api&utm_medium=api&utm_campaign=apidemo,0,2021-12-20T15:24:25.687Z
"van Gogh, Das Mohnfeld",IMAGE,Germany,Media library of Art and Visual History of Humboldt University of Berlin,German Digital Library,,http://rightsstatements.org/vocab/InC/1.0/,de,"van Gogh, Vincent (1853-1890) (Künstler/Hersteller)",https://www.europeana.eu/item/626/item_RORFFR3Q5LVX3XRE4JNRTP4GLZIRNNQS?utm_source=api&utm_medium=api&utm_campaign=apidemo,0,2021-12-20T15:24:25.687Z
"van Gogh, Das Meer bei Saintes-Maries",IMAGE,Germany,Media library of Art and Visual History of Humboldt University of Berlin,German Digital Library,,http://rightsstatements.org/vocab/InC/1.0/,de,"van Gogh, Vincent (1853-1890) (Künstler/Hersteller)",https://www.europeana.eu/item/626/item_T3CXP3H6OTYD4U37T4JTD6G2XDVQBOPI?utm_source=api&utm_medium=api&utm_campaign=apidemo,0,2021-12-20T15:24:25.687Z
"van Gogh, Landschaft bei Auvers nach dem Regen",IMAGE,Germany,Media library of Art and Visual History of Humboldt University of Berlin,German Digital Library,,http://rightsstatements.org/vocab/InC/1.0/,de,"van Gogh, Vincent (1853-1890) (Künstler/Hersteller)",https://www.europeana.eu/item/626/item_TYY22NW2K2HTERRK7ZESAZPD56CJ4SQM?utm_source=api&utm_medium=api&utm_campaign=apidemo,0,2021-12-20T15:24:25.687Z
"van Gogh, Quittenstillleben",IMAGE,Germany,Media library of Art and Visual History of Humboldt University of Berlin,German Digital Library,,http://rightsstatements.org/vocab/InC/1.0/,de,"van Gogh, Vincent (1853-1890) (Künstler/Hersteller)",https://www.europeana.eu/item/626/item_UWVBCTAOD2M4VR4VBRM7ZFLVKFYJNKMJ?utm_source=api&utm_medium=api&utm_campaign=apidemo,0,2021-12-20T15:24:25.687Z
Marine aux Saintes-Maries-de-la-Mer,IMAGE,Belgium,Royal Institute for Cultural Heritage,MUSEU,,http://creativecommons.org/licenses/by-nc-sa/3.0/,fr,"Van Gogh, Vincent",https://www.europeana.eu/item/2048001/AP_10351222?utm_source=api&utm_medium=api&utm_campaign=apidemo,6,2022-10-11T07:58:02.251Z
Sorrow,IMAGE,Germany,German Documentation Center for Art History - Marburg Picture Index,German Digital Library,,http://rightsstatements.org/vocab/InC/1.0/,de,"Gogh, Vincent van",https://www.europeana.eu/item/199/item_2BG5ZFKJX4TMUXVIKJN263J72XL44K4M?utm_source=api&utm_medium=api&utm_campaign=apidemo,5,2019-04-16T09:34:54.697Z
Garbenbinder,IMAGE,Germany,German Documentation Center for Art History - Marburg Picture Index,German Digital Library,,http://rightsstatements.org/vocab/InC/1.0/,de,"Gogh, Vincent van",https://www.europeana.eu/item/199/item_2UQEOHX24OCBEL5ZQRLBB3ERXUU2NMLE?utm_source=api&utm_medium=api&utm_campaign=apidemo,5,2019-04-16T10:43:19.556Z
Olive trees,IMAGE,Germany,German Documentation Center for Art History - Marburg Picture Index,German Digital Library,,http://rightsstatements.org/vocab/InC/1.0/,de,"Gogh, Vincent van",https://www.europeana.eu/item/199/item_2XU3Z44KCVJJZC5P7IC5Y2U6F7JVC6DU?utm_source=api&utm_medium=api&utm_campaign=apidemo,5,2019-04-16T12:23:34.823Z
Olive grove,IMAGE,Germany,German Documentation Center for Art History - Marburg Picture Index,German Digital Library,,http://rightsstatements.org/vocab/InC/1.0/,de,"Gogh, Vincent van",https://www.europeana.eu/item/199/item_2ZUYGKUUIRUMW4UOOKQZ3GQBSZTZHZQC?utm_source=api&utm_medium=api&utm_campaign=apidemo,5,2019-04-16T10:53:59.830Z
Das Schlafzimmer des Künstlers in Arles,IMAGE,Germany,German Documentation Center for Art History - Marburg Picture Index,German Digital Library,,http://rightsstatements.org/vocab/InC/1.0/,de,"Gogh, Vincent van",https://www.europeana.eu/item/199/item_3KSBVX2VFD3HRARN3RVZFZ53ZUMG5ANJ?utm_source=api&utm_medium=api&utm_campaign=apidemo,6,2019-04-16T13:42:23.623Z
Der Schnitter mit Sichel,IMAGE,Germany,German Documentation Center for Art History - Marburg Picture Index,German Digital Library,,http://rightsstatements.org/vocab/InC/1.0/,de,"Gogh, Vincent van",https://www.europeana.eu/item/199/item_3POCUZMK3IIAHPH7YTMVNWMW63HFKCKF?utm_source=api&utm_medium=api&utm_campaign=apidemo,5,2019-04-16T14:09:32.132Z
Le Moulin de la Galette,IMAGE,Germany,German Documentation Center for Art History - Marburg Picture Index,German Digital Library,,http://rightsstatements.org/vocab/InC/1.0/,de,"Gogh, Vincent van",https://www.europeana.eu/item/199/item_3QBTE5HBWSZQT5EEK2GS7CGC4LYHCKYS?utm_source=api&utm_medium=api&utm_campaign=apidemo,5,2019-04-16T14:45:42.469Z
Gebirgslandschaft,IMAGE,Germany,German Documentation Center for Art History - Marburg Picture Index,German Digital Library,,http://rightsstatements.org/vocab/InC/1.0/,de,"Gogh, Vincent van",https://www.europeana.eu/item/199/item_3WBNFYWC26G3TY4WKWFQDTZ6KIGFBPHL?utm_source=api&utm_medium=api&utm_campaign=apidemo,5,2019-04-16T10:47:33.386Z
Brandung & Barques voguant vers la côte,IMAGE,Germany,German Documentation Center for Art History - Marburg Picture Index,German Digital Library,,http://rightsstatements.org/vocab/InC/1.0/,de,"Gogh, Vincent van",https://www.europeana.eu/item/199/item_42ZLSN72GFA4GPGLVL7LOJUL7FDMC2YE?utm_source=api&utm_medium=api&utm_campaign=apidemo,5,2019-04-16T10:31:42.715Z
Kniender Mann mit Sichel,IMAGE,Germany,German Documentation Center for Art History - Marburg Picture Index,German Digital Library,,http://rightsstatements.org/vocab/InC/1.0/,de,"Gogh, Vincent van",https://www.europeana.eu/item/199/item_4DYJ5XBCYMBBTYNUZ3GHTVWJJEPOTQHS?utm_source=api&utm_medium=api&utm_campaign=apidemo,6,2019-04-16T13:26:44.853Z
The yellow house of the artist in Arles,IMAGE,Germany,German Documentation Center for Art History - Marburg Picture Index,German Digital Library,,http://rightsstatements.org/vocab/InC/1.0/,de,"Gogh, Vincent van",https://www.europeana.eu/item/199/item_4IVHN7JDP3QKQK672ECM246M4B5GOVTB?utm_source=api&utm_medium=api&utm_campaign=apidemo,6,2019-04-16T09:16:45.715Z
Bildnis des Doktor Gachet,IMAGE,Germany,German Documentation Center for Art History - Marburg Picture Index,German Digital Library,,http://rightsstatements.org/vocab/InC/1.0/,de,"Gogh, Vincent van",https://www.europeana.eu/item/199/item_4NH56ONXEAZAFBGJR4W2BMT5X6JJKYE6?utm_source=api&utm_medium=api&utm_campaign=apidemo,5,2019-04-16T13:12:45.614Z
Wheat field,IMAGE,Germany,German Documentation Center for Art History - Marburg Picture Index,German Digital Library,,http://rightsstatements.org/vocab/InC/1.0/,de,"Gogh, Vincent van",https://www.europeana.eu/item/199/item_4T7HLWWRTECWZDOZMCPMVVBL74ONATMM?utm_source=api&utm_medium=api&utm_campaign=apidemo,5,2019-04-16T12:58:37.029Z
The Bridge of Anglois near Arles,IMAGE,Germany,German Documentation Center for Art History - Marburg Picture Index,German Digital Library,,http://rightsstatements.org/vocab/InC/1.0/,de,"Gogh, Vincent van",https://www.europeana.eu/item/199/item_4TIE43E6262QM2DRORCJD3V6HOYMXPST?utm_source=api&utm_medium=api&utm_campaign=apidemo,6,2019-04-16T13:07:59.834Z
Blumenstrauß in einer Vase,IMAGE,Germany,German Documentation Center for Art History - Marburg Picture Index,German Digital Library,,http://rightsstatements.org/vocab/InC/1.0/,de,"Gogh, Vincent van",https://www.europeana.eu/item/199/item_4XGOOQDWRSJUSGKQ5MH4CDN6G7BAT7Z2?utm_source=api&utm_medium=api&utm_campaign=apidemo,5,2019-04-16T13:27:05.105Z
Street in Eindhoven in the rain,IMAGE,Germany,German Documentation Center for Art History - Marburg Picture Index,German Digital Library,,http://rightsstatements.org/vocab/InC/1.0/,de,"Gogh, Vincent van",https://www.europeana.eu/item/199/item_5E5QBZ2JPH2UM6CFX3LBVAHFV3YPUB27?utm_source=api&utm_medium=api&utm_campaign=apidemo,5,2019-04-16T13:34:25.342Z
Meadow near Arles,IMAGE,Germany,German Documentation Center for Art History - Marburg Picture Index,German Digital Library,,http://rightsstatements.org/vocab/InC/1.0/,de,"Gogh, Vincent van",https://www.europeana.eu/item/199/item_5HOWBD7DPQUBXL5HNIWLBQFLIRKVKD2P?utm_source=api&utm_medium=api&utm_campaign=apidemo,5,2019-04-16T11:50:54.896Z
The yellow house of the artist in Arles,IMAGE,Germany,German Documentation Center for Art History - Marburg Picture Index,German Digital Library,,http://rightsstatements.org/vocab/InC/1.0/,de,"Gogh, Vincent van",https://www.europeana.eu/item/199/item_5PKSDT2WQSWG42IUZ7U2NAE3IPA3GV3U?utm_source=api&utm_medium=api&utm_campaign=apidemo,6,2019-04-16T11:12:17.392Z
Weber beim Ordnen von Fäden,IMAGE,Germany,German Documentation Center for Art History - Marburg Picture Index,German Digital Library,,http://rightsstatements.org/vocab/InC/1.0/,de,"Gogh, Vincent van",https://www.europeana.eu/item/199/item_5QT332O4OVD35HLZ2YF55SPK5DUJOYAD?utm_source=api&utm_medium=api&utm_campaign=apidemo,6,2019-04-16T11:16:59.641Z
Farm in Provence,IMAGE,Germany,German Documentation Center for Art History - Marburg Picture Index,German Digital Library,,http://rightsstatements.org/vocab/InC/1.0/,de,"Gogh, Vincent van",https://www.europeana.eu/item/199/item_5QXJWSOH2XBSU3U52EXOAUGH63W57SKQ?utm_source=api&utm_medium=api&utm_campaign=apidemo,5,2019-04-16T10:48:11.852Z
Kartoffelfeld in den Dünen,IMAGE,Germany,German Documentation Center for Art History - Marburg Picture Index,German Digital Library,,http://rightsstatements.org/vocab/InC/1.0/,de,"Gogh, Vincent van",https://www.europeana.eu/item/199/item_5RRK7IP7VIOT6DJ6QTIIWZ7EHBAIAT73?utm_source=api&utm_medium=api&utm_campaign=apidemo,5,2019-04-16T08:35:02.881Z
Grabender Bauer,IMAGE,Germany,German Documentation Center for Art History - Marburg Picture Index,German Digital Library,,http://rightsstatements.org/vocab/InC/1.0/,de,"Gogh, Vincent van",https://www.europeana.eu/item/199/item_6GCMCIRV7LX6UGCDTA3OMFT7VUFTLJCD?utm_source=api&utm_medium=api&utm_campaign=apidemo,5,2019-04-16T09:18:37.704Z
Weaver,IMAGE,Germany,German Documentation Center for Art History - Marburg Picture Index,German Digital Library,,http://rightsstatements.org/vocab/InC/1.0/,de,"Gogh, Vincent van",https://www.europeana.eu/item/199/item_6U5NJP7SC5YKZCHF6K3H5TNXZFAYLGSN?utm_source=api&utm_medium=api&utm_campaign=apidemo,5,2019-04-16T10:55:50.100Z
Öffentlicher Park in Paris mit Spaziergängern,IMAGE,Germany,German Documentation Center for Art History - Marburg Picture Index,German Digital Library,,http://rightsstatements.org/vocab/InC/1.0/,de,"Gogh, Vincent van",https://www.europeana.eu/item/199/item_ADK5KQHPI2KVKUVHIU7WSEJRGAD65QZ2?utm_source=api&utm_medium=api&utm_campaign=apidemo,6,2019-04-16T09:44:12.215Z
Der Garten der Heilanstalt in Arles,IMAGE,Germany,German Documentation Center for Art History - Marburg Picture Index,German Digital Library,,http://rightsstatements.org/vocab/InC/1.0/,de,"Gogh, Vincent van",https://www.europeana.eu/item/199/item_AJVYY5HOPJ6RRHGWQ7RXJ2LW2NUAVR3R?utm_source=api&utm_medium=api&utm_campaign=apidemo,6,2019-04-16T11:01:46.680Z
Evening. Returning from work (after Millet)/returning home from the field,IMAGE,Germany,German Documentation Center for Art History - Marburg Picture Index,German Digital Library,,http://rightsstatements.org/vocab/InC/1.0/,de,"Gogh, Vincent van",https://www.europeana.eu/item/199/item_AMKNYUMCALUIMNJ3RDBAVGL7PF5HCOMV?utm_source=api&utm_medium=api&utm_campaign=apidemo,7,2019-04-16T13:48:19.378Z
Les Alyscamps in autumn,IMAGE,Germany,German Documentation Center for Art History - Marburg Picture Index,German Digital Library,,http://rightsstatements.org/vocab/InC/1.0/,de,"Gogh, Vincent van",https://www.europeana.eu/item/199/item_ARONRL6XSRYKHL5WSXZ7NOYUIPFQGA2F?utm_source=api&utm_medium=api&utm_campaign=apidemo,5,2019-04-16T13:13:25.440Z
Die Langlois-Brücke in Arles,IMAGE,Germany,German Documentation Center for Art History - Marburg Picture Index,German Digital Library,,http://rightsstatements.org/vocab/InC/1.0/,de,"Gogh, Vincent van",https://www.europeana.eu/item/199/item_ATZAV6JFOSDT2IQATXWMUJERI46U2DYC?utm_source=api&utm_medium=api&utm_campaign=apidemo,6,2019-04-16T09:22:21.986Z
The Grote Markt in Antwerp,IMAGE,Germany,German Documentation Center for Art History - Marburg Picture Index,German Digital Library,,http://rightsstatements.org/vocab/InC/1.0/,de,"Gogh, Vincent van",https://www.europeana.eu/item/199/item_AU4A2DUVEK4DKZGITZVHPWYWPHWP7RRJ?utm_source=api&utm_medium=api&utm_campaign=apidemo,5,2019-04-16T12:37:56.186Z
Weber am Webstuhl,IMAGE,Germany,German Documentation Center for Art History - Marburg Picture Index,German Digital Library,,http://rightsstatements.org/vocab/InC/1.0/,de,"Gogh, Vincent van",https://www.europeana.eu/item/199/item_AVQFIXWSCR5KC7SUYRURG62HADUBJ3CX?utm_source=api&utm_medium=api&utm_campaign=apidemo,5,2019-04-16T11:23:22.991Z
Orchard with flourishing apricot trees,IMAGE,Germany,German Documentation Center for Art History - Marburg Picture Index,German Digital Library,,http://rightsstatements.org/vocab/InC/1.0/,de,"Gogh, Vincent van",https://www.europeana.eu/item/199/item_AVRN7I6V44G7LHSF2XOOT7VU25DQTS35?utm_source=api&utm_medium=api&utm_campaign=apidemo,6,2019-04-16T10:22:18.037Z
Rosen und Sonnenblumen,IMAGE,Germany,German Documentation Center for Art History - Marburg Picture Index,German Digital Library,,http://rightsstatements.org/vocab/InC/1.0/,de,"Gogh, Vincent van",https://www.europeana.eu/item/199/item_BH2C5DKXBQ6DOU52C6N6FTO34EDXUPRS?utm_source=api&utm_medium=api&utm_campaign=apidemo,5,2019-04-16T11:05:25.991Z
Flourishing orchard,IMAGE,Germany,German Documentation Center for Art History - Marburg Picture Index,German Digital Library,,http://rightsstatements.org/vocab/InC/1.0/,de,"Gogh, Vincent van",https://www.europeana.eu/item/199/item_BQK4CBGTX64MMVOTPY5SZF4IMTET3ZPY?utm_source=api&utm_medium=api&utm_campaign=apidemo,5,2019-04-16T10:22:29.393Z
Vase mit Astern und anderen Blumen,IMAGE,Germany,German Documentation Center for Art History - Marburg Picture Index,German Digital Library,,http://rightsstatements.org/vocab/InC/1.0/,de,"Gogh, Vincent van",https://www.europeana.eu/item/199/item_C5SHAUWOKBNAU4S5IZEIIBZJ3NS5GITN?utm_source=api&utm_medium=api&utm_campaign=apidemo,6,2019-04-16T13:54:19.880Z
Winter Landscape with Walkers,IMAGE,Germany,German Documentation Center for Art History - Marburg Picture Index,German Digital Library,,http://rightsstatements.org/vocab/InC/1.0/,de,"Gogh, Vincent van",https://www.europeana.eu/item/199/item_CSOPXS6S35HNQ6Y7MDA3FN7IINX65OHU?utm_source=api&utm_medium=api&utm_campaign=apidemo,5,2019-04-16T11:30:29.894Z
Alter Weinberg mit Bäuerin,IMAGE,Germany,German Documentation Center for Art History - Marburg Picture Index,German Digital Library,,http://rightsstatements.org/vocab/InC/1.0/,de,"Gogh, Vincent van",https://www.europeana.eu/item/199/item_D3IS3ZXOLCUF65XZIJL3FJG456G2ADIU?utm_source=api&utm_medium=api&utm_campaign=apidemo,5,2019-04-16T10:38:09.560Z
Le Moulin de la Galette,IMAGE,Germany,German Documentation Center for Art History - Marburg Picture Index,German Digital Library,,http://rightsstatements.org/vocab/InC/1.0/,de,"Gogh, Vincent van",https://www.europeana.eu/item/199/item_D7QIJ6CTSIIPSNSXO76KIQCX7AVBTRW4?utm_source=api&utm_medium=api&utm_campaign=apidemo,5,2019-04-16T13:56:36.675Z
Stilleben mit Zitrusfrüchten,IMAGE,Germany,German Documentation Center for Art History - Marburg Picture Index,German Digital Library,,http://rightsstatements.org/vocab/InC/1.0/,de,"Gogh, Vincent van",https://www.europeana.eu/item/199/item_DKI74RRE2ZG66FW3D5SQ273BMGRWXR52?utm_source=api&utm_medium=api&utm_campaign=apidemo,5,2019-04-16T12:04:34.568Z
Poplar Alley with a Figure,IMAGE,Germany,German Documentation Center for Art History - Marburg Picture Index,German Digital Library,,http://rightsstatements.org/vocab/InC/1.0/,de,"Gogh, Vincent van",https://www.europeana.eu/item/199/item_DOFOUGDZRQERLB57MMFFHO44FBE7SEF2?utm_source=api&utm_medium=api&utm_campaign=apidemo,5,2019-04-16T11:34:04.686Z
The lover - portrait of Lieutenant Milliet,IMAGE,Germany,German Documentation Center for Art History - Marburg Picture Index,German Digital Library,,http://rightsstatements.org/vocab/InC/1.0/,de,"Gogh, Vincent van",https://www.europeana.eu/item/199/item_DUFENGHBP7AKN6LI267YDSGUWUCL7ZUD?utm_source=api&utm_medium=api&utm_campaign=apidemo,6,2019-04-16T08:32:09.779Z
The First Step,IMAGE,Germany,German Documentation Center for Art History - Marburg Picture Index,German Digital Library,,http://rightsstatements.org/vocab/InC/1.0/,de,"Gogh, Vincent van",https://www.europeana.eu/item/199/item_DZ7BM3VCNEJDW6U3C33X5WCGHBWFJ4WM?utm_source=api&utm_medium=api&utm_campaign=apidemo,5,2019-04-16T12:08:29.219Z
Die Sandgrube,IMAGE,Germany,German Documentation Center for Art History - Marburg Picture Index,German Digital Library,,http://rightsstatements.org/vocab/InC/1.0/,de,"Gogh, Vincent van",https://www.europeana.eu/item/199/item_EP5OGY6ZTSDKBFZSBP3WN3SVND6IPPQE?utm_source=api&utm_medium=api&utm_campaign=apidemo,5,2019-04-16T08:33:12.105Z
"Still Life with Pipe, Onions, Siegellack, Book “Annuaire de la Santé” by F. V. Raspail and Other Objects",IMAGE,Germany,German Documentation Center for Art History - Marburg Picture Index,German Digital Library,,http://rightsstatements.org/vocab/InC/1.0/,de,"Gogh, Vincent van",https://www.europeana.eu/item/199/item_EQC7EUJQ4B3MJ7533PVHKMBEP4MNJOS5?utm_source=api&utm_medium=api&utm_campaign=apidemo,7,2019-04-16T10:25:04.140Z
Frau auf dem Totenbett,IMAGE,Germany,German Documentation Center for Art History - Marburg Picture Index,German Digital Library,,http://rightsstatements.org/vocab/InC/1.0/,de,"Gogh, Vincent van",https://www.europeana.eu/item/199/item_FFLO3SEDGMZ4KQYAHXQREWGDX4D4TBD5?utm_source=api&utm_medium=api&utm_campaign=apidemo,5,2019-04-16T12:20:02.476Z
Frau neben einer Wiege,IMAGE,Germany,German Documentation Center for Art History - Marburg Picture Index,German Digital Library,,http://rightsstatements.org/vocab/InC/1.0/,de,"Gogh, Vincent van",https://www.europeana.eu/item/199/item_FK6SCRQJCTDHXB6J626MEJI2DHUZ5NUK?utm_source=api&utm_medium=api&utm_campaign=apidemo,5,2019-04-16T13:00:53.707Z
Wheat field with poppies and a lark,IMAGE,Germany,German Documentation Center for Art History - Marburg Picture Index,German Digital Library,,http://rightsstatements.org/vocab/InC/1.0/,de,"Gogh, Vincent van",https://www.europeana.eu/item/199/item_FN7XDBMUFMIBGG3OZW2PHKNWOVHCEN4D?utm_source=api&utm_medium=api&utm_campaign=apidemo,6,2019-04-16T13:23:04.499Z
Die Umgebung von Auvers,IMAGE,Germany,German Documentation Center for Art History - Marburg Picture Index,German Digital Library,,http://rightsstatements.org/vocab/InC/1.0/,de,"Gogh, Vincent van",https://www.europeana.eu/item/199/item_FP4YJWNRKMNOA6AU4ISX7WL5EOQRSAGD?utm_source=api&utm_medium=api&utm_campaign=apidemo,5,2019-04-16T14:11:50.988Z
Entrance of a restaurant in Asnières,IMAGE,Germany,German Documentation Center for Art History - Marburg Picture Index,German Digital Library,,http://rightsstatements.org/vocab/InC/1.0/,de,"Gogh, Vincent van",https://www.europeana.eu/item/199/item_FWWFONU4W6STAPQBA6YI66HV4UBJR4CD?utm_source=api&utm_medium=api&utm_campaign=apidemo,6,2019-04-16T14:43:30.189Z
Street in Montmartre,IMAGE,Germany,German Documentation Center for Art History - Marburg Picture Index,German Digital Library,,http://rightsstatements.org/vocab/InC/1.0/,de,"Gogh, Vincent van",https://www.europeana.eu/item/199/item_GLW67CZ2WFBUUIB53UFNKNZNPUZ2QYJJ?utm_source=api&utm_medium=api&utm_campaign=apidemo,5,2019-04-16T14:01:36.271Z
Still Life with Potatoes,IMAGE,Germany,German Documentation Center for Art History - Marburg Picture Index,German Digital Library,,http://rightsstatements.org/vocab/InC/1.0/,de,"Gogh, Vincent van",https://www.europeana.eu/item/199/item_GXUZR3XKHIPE5BOY7BSP3GEU72Q6T3YU?utm_source=api&utm_medium=api&utm_campaign=apidemo,5,2019-04-16T11:38:57.568Z
Bauernfriedhof in Nuenen,IMAGE,Germany,German Documentation Center for Art History - Marburg Picture Index,German Digital Library,,http://rightsstatements.org/vocab/InC/1.0/,de,"Gogh, Vincent van",https://www.europeana.eu/item/199/item_H66EWHJIJSJC7FRBK75PGRXJEW7YUARF?utm_source=api&utm_medium=api&utm_campaign=apidemo,5,2019-04-16T11:45:12.974Z
Farmer harvesting with sickle,IMAGE,Germany,German Documentation Center for Art History - Marburg Picture Index,German Digital Library,,http://rightsstatements.org/vocab/InC/1.0/,de,"Gogh, Vincent van",https://www.europeana.eu/item/199/item_HHJT6HB4HP6KLILMT7YZU63VNQFTRUWM?utm_source=api&utm_medium=api&utm_campaign=apidemo,5,2019-04-16T13:25:24.803Z
The load carriers,IMAGE,Germany,German Documentation Center for Art History - Marburg Picture Index,German Digital Library,,http://rightsstatements.org/vocab/InC/1.0/,de,"Gogh, Vincent van",https://www.europeana.eu/item/199/item_ID7UE2OM46CBS57VDYRYMENV2BQXF3FU?utm_source=api&utm_medium=api&utm_campaign=apidemo,5,2019-04-16T13:06:19.519Z
Garden on the hill of Montmartre,IMAGE,Germany,German Documentation Center for Art History - Marburg Picture Index,German Digital Library,,http://rightsstatements.org/vocab/InC/1.0/,de,"Gogh, Vincent van",https://www.europeana.eu/item/199/item_IDCSNPDFE5AZBUEU4KET4X6654LCWFYE?utm_source=api&utm_medium=api&utm_campaign=apidemo,6,2019-04-16T13:00:14.957Z
Cypresses and four fieldworkers,IMAGE,Germany,German Documentation Center for Art History - Marburg Picture Index,German Digital Library,,http://rightsstatements.org/vocab/InC/1.0/,de,"Gogh, Vincent van",https://www.europeana.eu/item/199/item_IDFMPVIZN67EEWEX2V6X5WHFTG4ZLR4A?utm_source=api&utm_medium=api&utm_campaign=apidemo,5,2019-04-16T11:36:47.372Z
Farmer converting hay or straw,IMAGE,Germany,German Documentation Center for Art History - Marburg Picture Index,German Digital Library,,http://rightsstatements.org/vocab/InC/1.0/,de,"Gogh, Vincent van",https://www.europeana.eu/item/199/item_IQVGWSTJESJQ2U2EIFVI5L6BCRNSZTST?utm_source=api&utm_medium=api&utm_campaign=apidemo,6,2019-04-16T10:12:50.092Z
Versteigerung von Kreuzen in der Nähe des alten Turmes bei Nuenen,IMAGE,Germany,German Documentation Center for Art History - Marburg Picture Index,German Digital Library,,http://rightsstatements.org/vocab/InC/1.0/,de,"Gogh, Vincent van",https://www.europeana.eu/item/199/item_IWAWWEUM3A24MNO3MP5VRJPVULXUZ3Q5?utm_source=api&utm_medium=api&utm_campaign=apidemo,6,2019-04-16T14:04:35.598Z
Vase with sunflower,IMAGE,Germany,German Documentation Center for Art History - Marburg Picture Index,German Digital Library,,http://rightsstatements.org/vocab/InC/1.0/,de,"Gogh, Vincent van",https://www.europeana.eu/item/199/item_JESEIQLRTQGVYYVEOJMEZAFFWMHZVKPO?utm_source=api&utm_medium=api&utm_campaign=apidemo,5,2019-04-16T12:42:50.678Z
Portrait Armand Roulin/Portrait of a Disciple/Portrait of a Young Man/Armand Roulin,IMAGE,Germany,German Documentation Center for Art History - Marburg Picture Index,German Digital Library,,http://rightsstatements.org/vocab/InC/1.0/,de,"Gogh, Vincent van",https://www.europeana.eu/item/199/item_JPVSF5ZRVWJBOQDCRSLELQMNCV6PLKTR?utm_source=api&utm_medium=api&utm_campaign=apidemo,7,2019-04-16T13:21:59.821Z
The drawbridge,IMAGE,Germany,German Documentation Center for Art History - Marburg Picture Index,German Digital Library,,http://rightsstatements.org/vocab/InC/1.0/,de,"Gogh, Vincent van",https://www.europeana.eu/item/199/item_JRXPJTTMSHAIT2RRT36BEW4OBDKZ6XLW?utm_source=api&utm_medium=api&utm_campaign=apidemo,5,2022-01-31T11:04:15.728Z
White lilies,IMAGE,Germany,German Documentation Center for Art History - Marburg Picture Index,German Digital Library,,http://rightsstatements.org/vocab/InC/1.0/,de,"Gogh, Vincent van",https://www.europeana.eu/item/199/item_K2OM5H5RTFRGQ6XBDZUXI5YG2RUNBAST?utm_source=api&utm_medium=api&utm_campaign=apidemo,5,2019-04-16T09:00:29.439Z
Grabender Bauer,IMAGE,Germany,German Documentation Center for Art History - Marburg Picture Index,German Digital Library,,http://rightsstatements.org/vocab/InC/1.0/,de,"Gogh, Vincent van",https://www.europeana.eu/item/199/item_K66MLCYO6MBF3AE4O2SXLARYJBBRIWL2?utm_source=api&utm_medium=api&utm_campaign=apidemo,5,2019-04-16T14:53:28.838Z
Pine group near a house,IMAGE,Germany,German Documentation Center for Art History - Marburg Picture Index,German Digital Library,,http://rightsstatements.org/vocab/InC/1.0/,de,"Gogh, Vincent van",https://www.europeana.eu/item/199/item_K7RNYJ6ZDWGYOMC25N5C77LGJSZCS7C3?utm_source=api&utm_medium=api&utm_campaign=apidemo,5,2019-04-16T11:29:29.401Z
Farmer and peasant woman working in the field,IMAGE,Germany,German Documentation Center for Art History - Marburg Picture Index,German Digital Library,,http://rightsstatements.org/vocab/InC/1.0/,de,"Gogh, Vincent van",https://www.europeana.eu/item/199/item_KGFPSKNG4GXSG2QYV6UXZ7UUJIKTIKPS?utm_source=api&utm_medium=api&utm_campaign=apidemo,6,2019-04-16T11:34:26.561Z
Ox cart,IMAGE,Germany,German Documentation Center for Art History - Marburg Picture Index,German Digital Library,,http://rightsstatements.org/vocab/InC/1.0/,de,"Gogh, Vincent van",https://www.europeana.eu/item/199/item_KQ7XNQI7A2RQ7CYEOTZG6OFMEJOGNKRT?utm_source=api&utm_medium=api&utm_campaign=apidemo,5,2019-04-16T08:59:19.547Z
Armed field,IMAGE,Germany,German Documentation Center for Art History - Marburg Picture Index,German Digital Library,,http://rightsstatements.org/vocab/InC/1.0/,de,"Gogh, Vincent van",https://www.europeana.eu/item/199/item_KQKQUKXOYSKHKFKNACDK35N6GQPNO2EK?utm_source=api&utm_medium=api&utm_campaign=apidemo,5,2019-04-16T12:58:08.270Z
Still Life with Book Stacks,IMAGE,Germany,German Documentation Center for Art History - Marburg Picture Index,German Digital Library,,http://rightsstatements.org/vocab/InC/1.0/,de,"Gogh, Vincent van",https://www.europeana.eu/item/199/item_KXI3O5UKGIYCKAELZIH3ELYLZTN64JYV?utm_source=api&utm_medium=api&utm_campaign=apidemo,5,2019-04-16T08:41:00.119Z
Moulin de la Galette auf dem Montmartre,IMAGE,Germany,German Documentation Center for Art History - Marburg Picture Index,German Digital Library,,http://rightsstatements.org/vocab/InC/1.0/,de,"Gogh, Vincent van",https://www.europeana.eu/item/199/item_KXT4CZ7NEUIQZPQED7CA46N5YHM2PUB4?utm_source=api&utm_medium=api&utm_campaign=apidemo,6,2019-04-16T13:48:08.188Z
Zimmerplatz und Wäscherei,IMAGE,Germany,German Documentation Center for Art History - Marburg Picture Index,German Digital Library,,http://rightsstatements.org/vocab/InC/1.0/,de,"Gogh, Vincent van",https://www.europeana.eu/item/199/item_L6EACFFTPDO2IKT75WPMHIT2PJVG7WDZ?utm_source=api&utm_medium=api&utm_campaign=apidemo,6,2019-04-16T10:06:00.553Z
Peaked grain field with farmer,IMAGE,Germany,German Documentation Center for Art History - Marburg Picture Index,German Digital Library,,http://rightsstatements.org/vocab/InC/1.0/,de,"Gogh, Vincent van",https://www.europeana.eu/item/199/item_L7VMNJ4FD7Q6SUWPUPI2AF3MVVED4NCA?utm_source=api&utm_medium=api&utm_campaign=apidemo,5,2019-04-16T11:17:28.591Z
Portrait of a Girl (Mademoiselle Ravoux),IMAGE,Germany,German Documentation Center for Art History - Marburg Picture Index,German Digital Library,,http://rightsstatements.org/vocab/InC/1.0/,de,"Gogh, Vincent van",https://www.europeana.eu/item/199/item_M5QUHMJ52QGEUDESUITEYDBZIYCUYQKP?utm_source=api&utm_medium=api&utm_campaign=apidemo,6,2019-04-16T09:50:41.116Z
Two peasant women working in the field,IMAGE,Germany,German Documentation Center for Art History - Marburg Picture Index,German Digital Library,,http://rightsstatements.org/vocab/InC/1.0/,de,"Gogh, Vincent van",https://www.europeana.eu/item/199/item_MFSIHVNZZTLJKJ5T67ZUZHL4KVMN4MLU?utm_source=api&utm_medium=api&utm_campaign=apidemo,6,2019-04-16T11:10:08.539Z
Wheat field under cloudy sky,IMAGE,Germany,German Documentation Center for Art History - Marburg Picture Index,German Digital Library,,http://rightsstatements.org/vocab/InC/1.0/,de,"Gogh, Vincent van",https://www.europeana.eu/item/199/item_MMWAQXBLPGQWXTSNPQWNBRLI6EBRSYTH?utm_source=api&utm_medium=api&utm_campaign=apidemo,5,2019-04-16T12:52:51.484Z
Vorstadt,IMAGE,Germany,German Documentation Center for Art History - Marburg Picture Index,German Digital Library,,http://rightsstatements.org/vocab/InC/1.0/,de,"Gogh, Vincent van",https://www.europeana.eu/item/199/item_MQFI3KI2KX3IZEYZTYWYELKYOPWDLVBO?utm_source=api&utm_medium=api&utm_campaign=apidemo,5,2019-04-16T08:32:35.431Z
The Bridge of Asnières,IMAGE,Germany,German Documentation Center for Art History - Marburg Picture Index,German Digital Library,,http://rightsstatements.org/vocab/InC/1.0/,de,"Gogh, Vincent van",https://www.europeana.eu/item/199/item_MTMZGT2RMLNSEXEZWCF6PJK5PNRSRF6D?utm_source=api&utm_medium=api&utm_campaign=apidemo,6,2019-04-16T09:45:25.521Z
Still Life,IMAGE,Germany,German Documentation Center for Art History - Marburg Picture Index,German Digital Library,,http://rightsstatements.org/vocab/InC/1.0/,de,"Gogh, Vincent van",https://www.europeana.eu/item/199/item_NGBJJNICXYTWON76DBSS4RVCD4TZYO76?utm_source=api&utm_medium=api&utm_campaign=apidemo,5,2019-04-16T14:09:10.660Z
Blossoming chestnut tree,IMAGE,Germany,German Documentation Center for Art History - Marburg Picture Index,German Digital Library,,http://rightsstatements.org/vocab/InC/1.0/,de,"Gogh, Vincent van",https://www.europeana.eu/item/199/item_NKPQEBNU2JZDF7V6YPAYPOTCR26PR57C?utm_source=api&utm_medium=api&utm_campaign=apidemo,5,2019-04-16T09:54:07.626Z
Dutchwoman,IMAGE,Germany,German Documentation Center for Art History - Marburg Picture Index,German Digital Library,,http://rightsstatements.org/vocab/InC/1.0/,de,"Gogh, Vincent van",https://www.europeana.eu/item/199/item_NRJWSMQOQXAWXEH3WNQF6WL3N4SUGEZR?utm_source=api&utm_medium=api&utm_campaign=apidemo,5,2019-04-16T10:14:25.089Z
City Hall of Auvers-sur-Oise,IMAGE,Germany,German Documentation Center for Art History - Marburg Picture Index,German Digital Library,,http://rightsstatements.org/vocab/InC/1.0/,de,"Gogh, Vincent van",https://www.europeana.eu/item/199/item_NVH4CKFQXOXBY7DSE77W5VRHOAA6VO7P?utm_source=api&utm_medium=api&utm_campaign=apidemo,6,2019-04-16T12:48:14.753Z
The Sawer,IMAGE,Germany,German Documentation Center for Art History - Marburg Picture Index,German Digital Library,,http://rightsstatements.org/vocab/InC/1.0/,de,"Gogh, Vincent van",https://www.europeana.eu/item/199/item_NXEBCI23QNZQPD5EIO7SSL6ZROXAC75R?utm_source=api&utm_medium=api&utm_campaign=apidemo,5,2019-04-16T14:50:03.441Z
Vater Tanguy,IMAGE,Germany,German Documentation Center for Art History - Marburg Picture Index,German Digital Library,,http://rightsstatements.org/vocab/InC/1.0/,de,"Gogh, Vincent van",https://www.europeana.eu/item/199/item_O5BYGI4CVR3567C2SDRYU4YRGL2GLO4R?utm_source=api&utm_medium=api&utm_campaign=apidemo,5,2019-04-16T10:34:43.312Z
Vase with sunflower,IMAGE,Germany,German Documentation Center for Art History - Marburg Picture Index,German Digital Library,,http://rightsstatements.org/vocab/InC/1.0/,de,"Gogh, Vincent van",https://www.europeana.eu/item/199/item_ODZ74OUL45REDOELYKWXTG53NYZSLTCK?utm_source=api&utm_medium=api&utm_campaign=apidemo,5,2019-04-16T12:17:21.572Z
Boote am Ufer,IMAGE,Germany,German Documentation Center for Art History - Marburg Picture Index,German Digital Library,,http://rightsstatements.org/vocab/InC/1.0/,de,"Gogh, Vincent van",https://www.europeana.eu/item/199/item_OQQUJD32VGXMNKKWGUSMPJ5NFFLO62AY?utm_source=api&utm_medium=api&utm_campaign=apidemo,5,2019-04-16T14:03:29.974Z
Gebirgslandschaft,IMAGE,Germany,German Documentation Center for Art History - Marburg Picture Index,German Digital Library,,http://rightsstatements.org/vocab/InC/1.0/,de,"Gogh, Vincent van",https://www.europeana.eu/item/199/item_P3SN4IZH2JV2HY3R5W46ZNPK5NTEVIL5?utm_source=api&utm_medium=api&utm_campaign=apidemo,5,2019-04-16T14:53:41.371Z
Farmer at Pea Peel,IMAGE,Germany,German Documentation Center for Art History - Marburg Picture Index,German Digital Library,,http://rightsstatements.org/vocab/InC/1.0/,de,"Gogh, Vincent van",https://www.europeana.eu/item/199/item_P6VP3ZF2V5ZZ2WC3N4NUGK5EOBIIEGIT?utm_source=api&utm_medium=api&utm_campaign=apidemo,5,2019-04-16T11:28:12.839Z
The Railway Bridge,IMAGE,Germany,German Documentation Center for Art History - Marburg Picture Index,German Digital Library,,http://rightsstatements.org/vocab/InC/1.0/,de,"Gogh, Vincent van",https://www.europeana.eu/item/199/item_PAJCMZDTAWEOO4UUDE7QZ2SH4AZWJ5BP?utm_source=api&utm_medium=api&utm_campaign=apidemo,5,2019-04-16T12:04:53.224Z
Farmer digging,IMAGE,Germany,German Documentation Center for Art History - Marburg Picture Index,German Digital Library,,http://rightsstatements.org/vocab/InC/1.0/,de,"Gogh, Vincent van",https://www.europeana.eu/item/199/item_PJAEFRW5AK5KWE5A7ATTZX34IFN46BXU?utm_source=api&utm_medium=api&utm_campaign=apidemo,5,2019-04-16T09:38:18.086Z
Self-portrait,IMAGE,Germany,German Documentation Center for Art History - Marburg Picture Index,German Digital Library,,http://rightsstatements.org/vocab/InC/1.0/,de,"Gogh, Vincent van",https://www.europeana.eu/item/199/item_PN2LN3Q6HAMEJ3TAZJ2XYYQLEG7I6YLW?utm_source=api&utm_medium=api&utm_campaign=apidemo,5,2019-04-16T14:06:36.693Z
Study of flying swallows,IMAGE,Germany,German Documentation Center for Art History - Marburg Picture Index,German Digital Library,,http://rightsstatements.org/vocab/InC/1.0/,de,"Gogh, Vincent van",https://www.europeana.eu/item/199/item_PXFAZ2GFKCUDGO7UDASBLMXHCC5OUVMS?utm_source=api&utm_medium=api&utm_campaign=apidemo,5,2019-04-16T14:57:46.331Z
Star Night,IMAGE,Germany,German Documentation Center for Art History - Marburg Picture Index,German Digital Library,,http://rightsstatements.org/vocab/InC/1.0/,de,"Gogh, Vincent van",https://www.europeana.eu/item/199/item_R2FQKUZQAD2TRSU6NHNWH2ZM3VCO2JN7?utm_source=api&utm_medium=api&utm_campaign=apidemo,5,2019-04-16T09:10:20.457Z
Weiße Rosen,IMAGE,Germany,German Documentation Center for Art History - Marburg Picture Index,German Digital Library,,http://rightsstatements.org/vocab/InC/1.0/,de,"Gogh, Vincent van",https://www.europeana.eu/item/199/item_R5EGRRCREJ4ADNUI5K6O5HXQ233TQQHY?utm_source=api&utm_medium=api&utm_campaign=apidemo,5,2019-04-16T14:55:26.783Z
Field behind l 'Asilo Saint-Paul,IMAGE,Germany,German Documentation Center for Art History - Marburg Picture Index,German Digital Library,,http://rightsstatements.org/vocab/InC/1.0/,de,"Gogh, Vincent van",https://www.europeana.eu/item/199/item_RDL6NIUKILKGQZ2V4W56S5AFT7RJIHDV?utm_source=api&utm_medium=api&utm_campaign=apidemo,6,2019-04-16T14:35:59.324Z
Parish Garden in Winter,IMAGE,Germany,German Documentation Center for Art History - Marburg Picture Index,German Digital Library,,http://rightsstatements.org/vocab/InC/1.0/,de,"Gogh, Vincent van",https://www.europeana.eu/item/199/item_RMVSLXTZAJECFQ4HKKI5RMHGR44BD7J4?utm_source=api&utm_medium=api&utm_campaign=apidemo,5,2019-04-16T12:57:09.864Z
"Nacktes Mädchen, sitzend",IMAGE,Germany,German Documentation Center for Art History - Marburg Picture Index,German Digital Library,,http://rightsstatements.org/vocab/InC/1.0/,de,"Gogh, Vincent van",https://www.europeana.eu/item/199/item_RPGECH5ZPM5DIYTM7Z6FJBSKOMFG4BAH?utm_source=api&utm_medium=api&utm_campaign=apidemo,5,2019-04-16T12:59:22.585Z
Alter Mann mit in die Hände gestütztem Kopf,IMAGE,Germany,German Documentation Center for Art History - Marburg Picture Index,German Digital Library,,http://rightsstatements.org/vocab/InC/1.0/,de,"Gogh, Vincent van",https://www.europeana.eu/item/199/item_RSYJIZ5Y5OKZHIJUI4KSTUITSUQ74SO4?utm_source=api&utm_medium=api&utm_campaign=apidemo,6,2019-04-16T12:32:18.597Z
Village angle in Scheveningen,IMAGE,Germany,German Documentation Center for Art History - Marburg Picture Index,German Digital Library,,http://rightsstatements.org/vocab/InC/1.0/,de,"Gogh, Vincent van",https://www.europeana.eu/item/199/item_RTS6PSXDZ77JO73KF4ITBK5WRPU6GSPZ?utm_source=api&utm_medium=api&utm_campaign=apidemo,5,2019-04-16T09:12:11.581Z
Le jardin de Daubigny,IMAGE,Germany,German Documentation Center for Art History - Marburg Picture Index,German Digital Library,,http://rightsstatements.org/vocab/InC/1.0/,de,"Gogh, Vincent van",https://www.europeana.eu/item/199/item_RZVTVYYMHWLYDQ7IPMNRNTAOUPKWQC4L?utm_source=api&utm_medium=api&utm_campaign=apidemo,5,2019-04-16T09:44:44.438Z
Porträt einer jungen Frau,IMAGE,Germany,German Documentation Center for Art History - Marburg Picture Index,German Digital Library,,http://rightsstatements.org/vocab/InC/1.0/,de,"Gogh, Vincent van",https://www.europeana.eu/item/199/item_SCW6E6VEJKY2ONAMVATK4SQRZCRMPEYF?utm_source=api&utm_medium=api&utm_campaign=apidemo,5,2019-04-16T11:59:34.619Z
Japonaiserie: Bridge in the Rain,IMAGE,Germany,German Documentation Center for Art History - Marburg Picture Index,German Digital Library,,http://rightsstatements.org/vocab/InC/1.0/,de,"Gogh, Vincent van",https://www.europeana.eu/item/199/item_SKJILT7V5545VSNY26W4WAO4A22A3PRB?utm_source=api&utm_medium=api&utm_campaign=apidemo,6,2019-04-16T09:29:42.785Z
Garden of the Hospital in Arles,IMAGE,Germany,German Documentation Center for Art History - Marburg Picture Index,German Digital Library,,http://rightsstatements.org/vocab/InC/1.0/,de,"Gogh, Vincent van",https://www.europeana.eu/item/199/item_SSGDJM5XKNWSA5UUDVFMUF44MV46AXDF?utm_source=api&utm_medium=api&utm_campaign=apidemo,5,2019-04-16T13:10:57.615Z
Die Hirtin,IMAGE,Germany,German Documentation Center for Art History - Marburg Picture Index,German Digital Library,,http://rightsstatements.org/vocab/InC/1.0/,de,"Gogh, Vincent van",https://www.europeana.eu/item/199/item_ST6NB6NTOYOB4HIBTPEAWOXPPGUW5X2E?utm_source=api&utm_medium=api&utm_campaign=apidemo,5,2019-04-16T10:32:05.781Z
Weizenfeld mit Schnitter bei aufgehender Sonne,IMAGE,Germany,German Documentation Center for Art History - Marburg Picture Index,German Digital Library,,http://rightsstatements.org/vocab/InC/1.0/,de,"Gogh, Vincent van",https://www.europeana.eu/item/199/item_SZH6XG6C2FOD2PXCL7IVUFUDNGV73P3T?utm_source=api&utm_medium=api&utm_campaign=apidemo,6,2019-04-16T10:18:33.484Z
Flourishing orchard,IMAGE,Germany,German Documentation Center for Art History - Marburg Picture Index,German Digital Library,,http://rightsstatements.org/vocab/InC/1.0/,de,"Gogh, Vincent van",https://www.europeana.eu/item/199/item_TBAVXHT3ZRJVP3BN2XUBA5E62O2XXSXY?utm_source=api&utm_medium=api&utm_campaign=apidemo,5,2019-04-16T11:34:25.952Z
Forest Way,IMAGE,Germany,German Documentation Center for Art History - Marburg Picture Index,German Digital Library,,http://rightsstatements.org/vocab/InC/1.0/,de,"Gogh, Vincent van",https://www.europeana.eu/item/199/item_TC7K4B2GH7GWDW56QYIVXYUT3PUMFE7K?utm_source=api&utm_medium=api&utm_campaign=apidemo,5,2019-04-16T10:48:16.010Z
haystack,IMAGE,Germany,German Documentation Center for Art History - Marburg Picture Index,German Digital Library,,http://rightsstatements.org/vocab/InC/1.0/,de,"Gogh, Vincent van",https://www.europeana.eu/item/199/item_TJQGFWCWLPHYHZ5HPFK2GJVBWS2RSWTM?utm_source=api&utm_medium=api&utm_campaign=apidemo,5,2019-04-16T08:53:17.141Z
Landscape with olive trees,IMAGE,Germany,German Documentation Center for Art History - Marburg Picture Index,German Digital Library,,http://rightsstatements.org/vocab/InC/1.0/,de,"Gogh, Vincent van",https://www.europeana.eu/item/199/item_TKKE77YRYWGOKV4SLIP3SHBE4H6RJ356?utm_source=api&utm_medium=api&utm_campaign=apidemo,5,2019-04-16T14:46:14.269Z
Bäuerin transportiert Stroh in der Schürze,IMAGE,Germany,German Documentation Center for Art History - Marburg Picture Index,German Digital Library,,http://rightsstatements.org/vocab/InC/1.0/,de,"Gogh, Vincent van",https://www.europeana.eu/item/199/item_TOPPMLK3GIWX64YW3IDSGL5LJJYFEAWA?utm_source=api&utm_medium=api&utm_campaign=apidemo,6,2019-04-16T13:16:23.994Z
Still Life with Iris,IMAGE,Germany,German Documentation Center for Art History - Marburg Picture Index,German Digital Library,,http://rightsstatements.org/vocab/InC/1.0/,de,"Gogh, Vincent van",https://www.europeana.eu/item/199/item_TPWPMM3F5MHIPLMM4H6CXJEMRRZ46Q57?utm_source=api&utm_medium=api&utm_campaign=apidemo,5,2019-04-16T13:31:46.267Z
Olive harvest,IMAGE,Germany,German Documentation Center for Art History - Marburg Picture Index,German Digital Library,,http://rightsstatements.org/vocab/InC/1.0/,de,"Gogh, Vincent van",https://www.europeana.eu/item/199/item_UJS24ASWYGN4K4M2BBE5ERYLSKH2RDAZ?utm_source=api&utm_medium=api&utm_campaign=apidemo,5,2019-04-16T12:10:44.808Z
Vineyards,IMAGE,Germany,German Documentation Center for Art History - Marburg Picture Index,German Digital Library,,http://rightsstatements.org/vocab/InC/1.0/,de,"Gogh, Vincent van",https://www.europeana.eu/item/199/item_ULQNH5ZJ3VXRS5VJTOLLALF7QWEAAGGS?utm_source=api&utm_medium=api&utm_campaign=apidemo,5,2019-04-16T11:01:29.143Z
"La Berceuse, Portrait of Madame Roulin",IMAGE,Germany,German Documentation Center for Art History - Marburg Picture Index,German Digital Library,,http://rightsstatements.org/vocab/InC/1.0/,de,"Gogh, Vincent van",https://www.europeana.eu/item/199/item_VH52H6F4XSJ6QQICEMBD5GSWQWPSUBTM?utm_source=api&utm_medium=api&utm_campaign=apidemo,7,2019-04-16T13:05:07.287Z
Meadow with dandelion and tree,IMAGE,Germany,German Documentation Center for Art History - Marburg Picture Index,German Digital Library,,http://rightsstatements.org/vocab/InC/1.0/,de,"Gogh, Vincent van",https://www.europeana.eu/item/199/item_VZNYUUKXMJXQLKTPR6S3TE3V5K3CCZPI?utm_source=api&utm_medium=api&utm_campaign=apidemo,6,2019-04-16T11:51:17.454Z
Pietà,IMAGE,Germany,German Documentation Center for Art History - Marburg Picture Index,German Digital Library,,http://rightsstatements.org/vocab/InC/1.0/,de,"Gogh, Vincent van",https://www.europeana.eu/item/199/item_W42XI7UBMAKTDVEUJ27HQVBFEDS75SKQ?utm_source=api&utm_medium=api&utm_campaign=apidemo,5,2019-04-16T08:49:14.613Z
Blooming peach tree,IMAGE,Germany,German Documentation Center for Art History - Marburg Picture Index,German Digital Library,,http://rightsstatements.org/vocab/InC/1.0/,de,"Gogh, Vincent van",https://www.europeana.eu/item/199/item_WFBBJK2OUF6BH4TENMF7BJHUIVR5BHH4?utm_source=api&utm_medium=api&utm_campaign=apidemo,5,2019-04-16T14:49:11.307Z
Self-portrait with gray hat,IMAGE,Germany,German Documentation Center for Art History - Marburg Picture Index,German Digital Library,,http://rightsstatements.org/vocab/InC/1.0/,de,"Gogh, Vincent van",https://www.europeana.eu/item/199/item_WJIB7CAQ6DRWKF2WV5G3JONAY33BXJJO?utm_source=api&utm_medium=api&utm_campaign=apidemo,5,2019-04-16T10:55:35.257Z
Vincents Schlafzimmer in Arles,IMAGE,Germany,German Documentation Center for Art History - Marburg Picture Index,German Digital Library,,http://rightsstatements.org/vocab/InC/1.0/,de,"Gogh, Vincent van",https://www.europeana.eu/item/199/item_WJZLOAPATJHIOYJFRX7SENCXNRHUYN57?utm_source=api&utm_medium=api&utm_campaign=apidemo,5,2019-04-16T08:32:51.070Z
View of Auvers-sur-Oise,IMAGE,Germany,German Documentation Center for Art History - Marburg Picture Index,German Digital Library,,http://rightsstatements.org/vocab/InC/1.0/,de,"Gogh, Vincent van",https://www.europeana.eu/item/199/item_WWKGVUA36DYD7DRVGE32YT4OSBSCMT3Q?utm_source=api&utm_medium=api&utm_campaign=apidemo,6,2019-04-16T14:26:35.905Z
Marschlandschaft mit Fichten,IMAGE,Germany,German Documentation Center for Art History - Marburg Picture Index,German Digital Library,,http://rightsstatements.org/vocab/InC/1.0/,de,"Gogh, Vincent van",https://www.europeana.eu/item/199/item_X2L5H7RZ233KF7W744YWQZJYCPZVGVOS?utm_source=api&utm_medium=api&utm_campaign=apidemo,5,2019-04-16T11:13:32.325Z
Weg in einem öffentlichen Garten,IMAGE,Germany,German Documentation Center for Art History - Marburg Picture Index,German Digital Library,,http://rightsstatements.org/vocab/InC/1.0/,de,"Gogh, Vincent van",https://www.europeana.eu/item/199/item_X2QJA4H5W46FUHPF5IWQ3ZITF724CFNI?utm_source=api&utm_medium=api&utm_campaign=apidemo,5,2019-04-16T11:48:40.798Z
Zeichnung,IMAGE,Germany,German Documentation Center for Art History - Marburg Picture Index,German Digital Library,,http://rightsstatements.org/vocab/InC/1.0/,de,"Gogh, Vincent van",https://www.europeana.eu/item/199/item_X4JMDX6AZ2RKAY73WL45VEAYRZ36SYFY?utm_source=api&utm_medium=api&utm_campaign=apidemo,5,2019-04-16T10:02:38.585Z
The Hill of Montmartre,IMAGE,Germany,German Documentation Center for Art History - Marburg Picture Index,German Digital Library,,http://rightsstatements.org/vocab/InC/1.0/,de,"Gogh, Vincent van",https://www.europeana.eu/item/199/item_XE6F5MKZ3RGX3SNI3T56FGTXBJM5GOEI?utm_source=api&utm_medium=api&utm_campaign=apidemo,5,2019-04-16T11:18:46.206Z
Die Langlois-Brücke in Arles,IMAGE,Germany,German Documentation Center for Art History - Marburg Picture Index,German Digital Library,,http://rightsstatements.org/vocab/InC/1.0/,de,"Gogh, Vincent van",https://www.europeana.eu/item/199/item_XFFANLASXKJNDTEXHWFIMX4MOTXBYLCD?utm_source=api&utm_medium=api&utm_campaign=apidemo,6,2019-04-16T13:23:58.187Z
Spaziergänger im Park mit fallenden Blättern,IMAGE,Germany,German Documentation Center for Art History - Marburg Picture Index,German Digital Library,,http://rightsstatements.org/vocab/InC/1.0/,de,"Gogh, Vincent van",https://www.europeana.eu/item/199/item_XJEH7E4J4HBOAWY2MP36FWZ6W2HGSJAF?utm_source=api&utm_medium=api&utm_campaign=apidemo,6,2019-04-16T09:12:43.794Z
Alter Mann seinen Kopf in den Händen haltend,IMAGE,Germany,German Documentation Center for Art History - Marburg Picture Index,German Digital Library,,http://rightsstatements.org/vocab/InC/1.0/,de,"Gogh, Vincent van",https://www.europeana.eu/item/199/item_XO5QORU6LU6SDSZWX3IPZRWP3QOASFSK?utm_source=api&utm_medium=api&utm_campaign=apidemo,6,2019-04-16T11:20:03.731Z
Vestibül des Hospitals bei Saint-Rémy,IMAGE,Germany,German Documentation Center for Art History - Marburg Picture Index,German Digital Library,,http://rightsstatements.org/vocab/InC/1.0/,de,"Gogh, Vincent van",https://www.europeana.eu/item/199/item_XOTCHNQBQCTHMGVYKNUI2POOFZ5LBX3S?utm_source=api&utm_medium=api&utm_campaign=apidemo,6,2019-04-16T09:30:16.761Z
L 'Arlésienne,IMAGE,Germany,German Documentation Center for Art History - Marburg Picture Index,German Digital Library,,http://rightsstatements.org/vocab/InC/1.0/,de,"Gogh, Vincent van",https://www.europeana.eu/item/199/item_XV4UMFQNNG5WL5GIJNLBPFWI427IIJCD?utm_source=api&utm_medium=api&utm_campaign=apidemo,5,2019-04-16T11:47:01.019Z
Landscape with Farmhouses,IMAGE,Germany,German Documentation Center for Art History - Marburg Picture Index,German Digital Library,,http://rightsstatements.org/vocab/InC/1.0/,de,"Gogh, Vincent van",https://www.europeana.eu/item/199/item_XW3G4UVP4PNLYC6FPE2BUMZUMPU2KKFG?utm_source=api&utm_medium=api&utm_campaign=apidemo,5,2019-04-16T10:27:34.975Z
Field with plow and harrow,IMAGE,Germany,German Documentation Center for Art History - Marburg Picture Index,German Digital Library,,http://rightsstatements.org/vocab/InC/1.0/,de,"Gogh, Vincent van",https://www.europeana.eu/item/199/item_Y4UVK7V7IXHND3PJ4RUGGYRM7XYSUMYH?utm_source=api&utm_medium=api&utm_campaign=apidemo,6,2019-04-16T13:14:41.153Z
Trees in the garden of Saint-Rémy,IMAGE,Germany,German Documentation Center for Art History - Marburg Picture Index,German Digital Library,,http://rightsstatements.org/vocab/InC/1.0/,de,"Gogh, Vincent van",https://www.europeana.eu/item/199/item_Y62EXOCWJ56NQTY6DCDPWTB37H7CFA7M?utm_source=api&utm_medium=api&utm_campaign=apidemo,6,2019-04-16T08:46:21.324Z
Bildnis des Doktor Gachet,IMAGE,Germany,German Documentation Center for Art History - Marburg Picture Index,German Digital Library,,http://rightsstatements.org/vocab/InC/1.0/,de,"Gogh, Vincent van",https://www.europeana.eu/item/199/item_YRI3GDG6B2HBQPN3URTZPGJBFTNAI7IZ?utm_source=api&utm_medium=api&utm_campaign=apidemo,5,2019-04-16T11:16:46.687Z
Weg mit Eingang zu einem Aussichtspunkt,IMAGE,Germany,German Documentation Center for Art History - Marburg Picture Index,German Digital Library,,http://rightsstatements.org/vocab/InC/1.0/,de,"Gogh, Vincent van",https://www.europeana.eu/item/199/item_YUYJNKFCRSHRX3C57TC2ZAWLOZSKOHO6?utm_source=api&utm_medium=api&utm_campaign=apidemo,6,2019-04-16T10:34:21.072Z
Mountain landscape with enclosed field at sunrise,IMAGE,Germany,German Documentation Center for Art History - Marburg Picture Index,German Digital Library,,http://rightsstatements.org/vocab/InC/1.0/,de,"Gogh, Vincent van",https://www.europeana.eu/item/199/item_Z7H5LJOAZTDBITMDUAUAVROOJQONCT7F?utm_source=api&utm_medium=api&utm_campaign=apidemo,6,2019-04-16T09:36:38.057Z
Das Pfarrhaus in Nuenen,IMAGE,Germany,German Documentation Center for Art History - Marburg Picture Index,German Digital Library,,http://rightsstatements.org/vocab/InC/1.0/,de,"Gogh, Vincent van",https://www.europeana.eu/item/199/item_ZIMYWHJ7TPOOLAUU66F4IZ5KTZYHJ4WX?utm_source=api&utm_medium=api&utm_campaign=apidemo,5,2019-04-16T09:15:26.858Z
"The Zuave, sitting",IMAGE,Germany,German Documentation Center for Art History - Marburg Picture Index,German Digital Library,,http://rightsstatements.org/vocab/InC/1.0/,de,"Gogh, Vincent van",https://www.europeana.eu/item/199/item_ZSV6Y27UIUDUIU4XNBX2TEH6XTP3J7QX?utm_source=api&utm_medium=api&utm_campaign=apidemo,5,2019-04-16T09:24:23.298Z
Portrait de paysan,IMAGE,Belgium,Royal Institute for Cultural Heritage,MUSEU,,http://creativecommons.org/licenses/by-nc-sa/3.0/,fr,"Van Gogh, Vincent",https://www.europeana.eu/item/2048001/AP_10351221?utm_source=api&utm_medium=api&utm_campaign=apidemo,5,2022-10-11T07:58:02.251Z
Cemetery in the rain,IMAGE,Austria,The Albertina Museum,Kulturpool,,http://creativecommons.org/publicdomain/mark/1.0/,de,Vincent Van Gogh (Künstler_in),https://www.europeana.eu/item/15508/27971?utm_source=api&utm_medium=api&utm_campaign=apidemo,5,2019-08-01T12:34:11.441Z
Portrait of a Woman,IMAGE,Germany,German Documentation Center for Art History - Marburg Picture Index,German Digital Library,,http://rightsstatements.org/vocab/InC/1.0/,de,"Gogh, Vincent van",https://www.europeana.eu/item/199/item_CMC72SBZ7LPRY2T64VZJYELVQ2A5QV3V?utm_source=api&utm_medium=api&utm_campaign=apidemo,5,2019-04-16T14:49:43.670Z
Rain Landscape,IMAGE,Germany,German Documentation Center for Art History - Marburg Picture Index,German Digital Library,,http://rightsstatements.org/vocab/InC/1.0/,de,"Gogh, Vincent van",https://www.europeana.eu/item/199/item_YNR2A4HOECRNKWHHQ2LE5G6GNXEKZ7XF?utm_source=api&utm_medium=api&utm_campaign=apidemo,5,2019-04-16T14:16:02.082Z
Harvest/grain field with cutter/Le Moissonneur/Kornfeld with mower at sunrise,IMAGE,Germany,German Documentation Center for Art History - Marburg Picture Index,German Digital Library,,http://rightsstatements.org/vocab/InC/1.0/,de,"Gogh, Vincent van",https://www.europeana.eu/item/199/item_ZYE3SCEOPKIB37WZ2EU53PACLQVM4OS2?utm_source=api&utm_medium=api&utm_campaign=apidemo,7,2019-04-16T14:41:32.208Z
O campo de trigo],IMAGE,Portugal,National Library of Portugal,RNOD – National Register for Digital Objects,1973,http://creativecommons.org/publicdomain/mark/1.0/,pt,"Van Gogh, Vincent, 1853-1890",https://www.europeana.eu/item/10501/bib_rnod_30478?utm_source=api&utm_medium=api&utm_campaign=apidemo,6,2020-10-30T14:55:06.412Z
The Farmer,IMAGE,Germany,Museum of City History Leipzig,MUSEU,1888,http://creativecommons.org/licenses/by-nc-sa/4.0/,de,"Künstler: Vincent van
          Gogh",https://www.europeana.eu/item/08547/Museu_ProvidedCHO_Stadtgeschichtliches_Museum_Leipzig_Z0102685?utm_source=api&utm_medium=api&utm_campaign=apidemo,0,2022-06-17T06:40:44.399Z
Harvest in Provence,IMAGE,Israel,"The Israel Museum, Jerusalem",PHOTOCONSORTIUM,1888,http://rightsstatements.org/vocab/InC-EDU/1.0/,en,Vincent Van Gogh,https://www.europeana.eu/item/2024918/photography_ProvidedCHO_The_Israel_Museum__Jerusalem_193121?utm_source=api&utm_medium=api&utm_campaign=apidemo,0,2021-03-18T11:29:21.879Z
Entrance to Voyer-d'Argenson Park at Asnières,IMAGE,Israel,"The Israel Museum, Jerusalem",PHOTOCONSORTIUM,1887,http://rightsstatements.org/vocab/InC-EDU/1.0/,en,Vincent Van Gogh,https://www.europeana.eu/item/2024918/photography_ProvidedCHO_The_Israel_Museum__Jerusalem_291099?utm_source=api&utm_medium=api&utm_campaign=apidemo,0,2021-03-18T11:29:21.879Z
Kornfeld mit Mäher,IMAGE,Germany,"Kupferstichkabinett, Staatliche Museen zu Berlin",MUSEU,1889,http://creativecommons.org/licenses/by-nc-sa/3.0/,mul,"Vincent van Gogh (30.3.1853 - 29.7.1890, Zeichner)",https://www.europeana.eu/item/2064108/Museu_ProvidedCHO_Kupferstichkabinett__Staatliche_Museen_zu_Berlin_DE_MUS_018511_1059178?utm_source=api&utm_medium=api&utm_campaign=apidemo,0,2020-08-24T09:45:34.253Z
Brandung,IMAGE,Germany,"Kupferstichkabinett, Staatliche Museen zu Berlin",MUSEU,1888,http://creativecommons.org/licenses/by-nc-sa/3.0/,mul,"Vincent van Gogh (30.3.1853 - 29.7.1890, Zeichner)",https://www.europeana.eu/item/2064108/Museu_ProvidedCHO_Kupferstichkabinett__Staatliche_Museen_zu_Berlin_DE_MUS_018511_782358?utm_source=api&utm_medium=api&utm_campaign=apidemo,0,2020-08-24T09:45:34.253Z
Ernte in der Provence (für Émile Bernard),IMAGE,Germany,"Kupferstichkabinett, Staatliche Museen zu Berlin",MUSEU,1888,http://creativecommons.org/licenses/by-nc-sa/3.0/,mul,"Vincent van Gogh (30.3.1853 - 29.7.1890, Zeichner)",https://www.europeana.eu/item/2064108/Museu_ProvidedCHO_Kupferstichkabinett__Staatliche_Museen_zu_Berlin_DE_MUS_018511_782360?utm_source=api&utm_medium=api&utm_campaign=apidemo,0,2020-08-24T09:45:34.253Z
Felder mit Getreidebündeln,IMAGE,Germany,"Kupferstichkabinett, Staatliche Museen zu Berlin",MUSEU,1888,http://creativecommons.org/licenses/by-nc-sa/3.0/,mul,"Vincent van Gogh (30.3.1853 - 29.7.1890, Zeichner)",https://www.europeana.eu/item/2064108/Museu_ProvidedCHO_Kupferstichkabinett__Staatliche_Museen_zu_Berlin_DE_MUS_018511_782361?utm_source=api&utm_medium=api&utm_campaign=apidemo,0,2020-08-24T09:45:34.253Z
Straßenarbeiter bei der Aushebung eines Treppenschachtes,IMAGE,Germany,"Kupferstichkabinett, Staatliche Museen zu Berlin",MUSEU,,http://creativecommons.org/licenses/by-nc-sa/3.0/,mul,"Vincent van Gogh (30.3.1853 - 29.7.1890, Zeichner)",https://www.europeana.eu/item/2064108/Museu_ProvidedCHO_Kupferstichkabinett__Staatliche_Museen_zu_Berlin_DE_MUS_018511_800368?utm_source=api&utm_medium=api&utm_campaign=apidemo,0,2020-08-24T09:45:34.253Z
"plansch, skolplansch, Nuit Étoilée (Stjärnenatt)",IMAGE,Sweden,Malmö Museum,Swedish Open Cultural Heritage,1889,http://creativecommons.org/licenses/by-nc-nd/4.0/,mul,"Euro-Grafica, Knud Hansen Offset, Gogh, Vincent van [förlaga]",https://www.europeana.eu/item/91658/MM_objekt_1080436?utm_source=api&utm_medium=api&utm_campaign=apidemo,10,2014-04-04T10:23:16.421Z
tavla,IMAGE,Sweden,Malmö Museum,Swedish Open Cultural Heritage,,http://creativecommons.org/licenses/by-nc-nd/4.0/,mul,"Gogh, Vincent van [förlaga]",https://www.europeana.eu/item/91658/MM_objekt_1391259?utm_source=api&utm_medium=api&utm_campaign=apidemo,9,2015-10-16T08:28:07.963Z
"tavla, Slättlandskap från Provence",IMAGE,Sweden,Malmö Museum,Swedish Open Cultural Heritage,,http://creativecommons.org/licenses/by-nc-nd/4.0/,mul,"Gogh, Vincent van [förlaga]",https://www.europeana.eu/item/91658/MM_objekt_1391260?utm_source=api&utm_medium=api&utm_campaign=apidemo,8,2015-10-16T08:28:07.985Z
"Millet/Van Gogh : musée d'Orsay : 17 septembre 98, 3 janvier 99",IMAGE,Spain,Digital Memory of Catalonia,Catalònica,2011,http://rightsstatements.org/vocab/InC/1.0/,ca,"Célestin, Fréderic (Disseny);Gogh, Vincent van (Pintura);Millet, Jean-François (Pintura)",https://www.europeana.eu/item/773/https___catalonica_bnc_cat_catalonicahub_lod_oai_mdc_csuc_cat_cturistics____6720_ent0?utm_source=api&utm_medium=api&utm_campaign=apidemo,10,2022-06-09T07:31:18.568Z
"Crocodylus porosus Schneider, 1801",IMAGE,Netherlands,Museon-Omniversum,Dutch Collections for Europe,,http://rightsstatements.org/vocab/InC/1.0/,nl,Mevr. M. van Gogh (Vervaardiger),https://www.europeana.eu/item/2021657/resource_document_museon_141852?utm_source=api&utm_medium=api&utm_campaign=apidemo,10,2024-04-25T09:37:35.490Z
Archaeopteryx,IMAGE,Netherlands,Museon-Omniversum,Dutch Collections for Europe,,http://rightsstatements.org/vocab/InC/1.0/,nl,Mieneke van Gogh Modelmaking (Vervaardiger),https://www.europeana.eu/item/2021657/resource_document_museon_141880?utm_source=api&utm_medium=api&utm_campaign=apidemo,6,2020-05-26T11:22:26.651Z
maquette,IMAGE,Netherlands,Museon-Omniversum,Dutch Collections for Europe,2005,http://rightsstatements.org/vocab/InC/1.0/,nl,Mieneke van Gogh Modelmaking (Vervaardiger),https://www.europeana.eu/item/2021657/resource_document_museon_215601?utm_source=api&utm_medium=api&utm_campaign=apidemo,10,2020-05-26T11:22:26.651Z
diorama,IMAGE,Netherlands,Museon-Omniversum,Dutch Collections for Europe,,http://rightsstatements.org/vocab/InC/1.0/,nl,Mieneke van Gogh Modelmaking (Vervaardiger),https://www.europeana.eu/item/2021657/resource_document_museon_234618?utm_source=api&utm_medium=api&utm_campaign=apidemo,10,2024-04-25T09:37:35.490Z
Ichthyostega,IMAGE,Netherlands,Museon-Omniversum,Dutch Collections for Europe,,http://rightsstatements.org/vocab/InC/1.0/,nl,Mieneke van Gogh Modelmaking (Vervaardiger),https://www.europeana.eu/item/2021657/resource_document_museon_234619?utm_source=api&utm_medium=api&utm_campaign=apidemo,10,2024-04-25T09:37:35.490Z
Dimetrodon,IMAGE,Netherlands,Museon-Omniversum,Dutch Collections for Europe,,http://rightsstatements.org/vocab/InC/1.0/,nl,Mieneke van Gogh Modelmaking (Vervaardiger),https://www.europeana.eu/item/2021657/resource_document_museon_234620?utm_source=api&utm_medium=api&utm_campaign=apidemo,9,2020-05-26T11:22:26.651Z
At Montmartre,IMAGE,Germany,German Documentation Center for Art History - Marburg Picture Index,German Digital Library,,http://rightsstatements.org/vocab/InC/1.0/,de,"Gogh, Vincent van",https://www.europeana.eu/item/199/item_NXYPVWAPVD7UO2QAR4D3XZTEM5P6ARXU?utm_source=api&utm_medium=api&utm_campaign=apidemo,5,2019-04-16T09:34:54.440Z
"Wever en weefstoel Origineel schilderij in Rijksmuseum Kröller-Müller, Otterlo",IMAGE,Netherlands,International Institute of Social History,International Association of Labour History Institutions,1884,http://rightsstatements.org/vocab/InC/1.0/,mul,"Gogh, Vincent van",https://www.europeana.eu/item/180/10622_753D9215_1F4A_43F2_9C38_1A4703D448A4_cho?utm_source=api&utm_medium=api&utm_campaign=apidemo,0,2020-03-31T12:04:57.526Z
"Wever en weefstoel Origineel schilderij in Rijksmuseum Kröller-Müller, Otterlo",IMAGE,Netherlands,International Institute of Social History,International Association of Labour History Institutions,1884,http://rightsstatements.org/vocab/InC/1.0/,mul,"Gogh, Vincent van",https://www.europeana.eu/item/180/10622_955D1858_4D8D_45F4_9F3A_1B0FF56D1179_cho?utm_source=api&utm_medium=api&utm_campaign=apidemo,0,2020-03-31T12:04:57.526Z
"Uit: Bro 284/4. De Spinster. Origineel schilderij in Stedelijk Museum, Amsterdam; inv.nr.: B 3630",IMAGE,Netherlands,International Institute of Social History,International Association of Labour History Institutions,,http://rightsstatements.org/vocab/InC/1.0/,mul,"Gogh, Vincent van",https://www.europeana.eu/item/180/10622_9639403C_3E02_4734_8E41_5D2E1E390F2D_cho?utm_source=api&utm_medium=api&utm_campaign=apidemo,0,2020-03-31T12:04:57.526Z
"De aardappeleters Origineel schilderij in Rijksmuseum Kröller-Müller, Otterlo",IMAGE,Netherlands,International Institute of Social History,International Association of Labour History Institutions,,http://rightsstatements.org/vocab/InC/1.0/,mul,"Gogh, Vincent van",https://www.europeana.eu/item/180/10622_99C34C37_CF32_4998_AB85_EC91DA0E0785_cho?utm_source=api&utm_medium=api&utm_campaign=apidemo,0,2020-03-31T12:04:57.526Z
[Portrait of the Doctor Paul Gachet]: [Man with a Pipe]: [estampe]/[Vincent Van Gogh],IMAGE,France,National Library of France,National Library of France,1890,http://rightsstatements.org/vocab/NoC-OKLR/1.0/,fr,"Van Gogh, Vincent (1853-1890). Graveur",https://www.europeana.eu/item/9200518/ark__12148_btv1b105019983?utm_source=api&utm_medium=api&utm_campaign=apidemo,8,2019-09-02T19:45:22.905Z
[Les mangeurs de pommes de terre] : [estampe] / [Vincent Van Gogh],IMAGE,France,National Library of France,National Library of France,1885,http://rightsstatements.org/vocab/NoC-OKLR/1.0/,fr,"Van Gogh, Vincent (1853-1890). Graveur",https://www.europeana.eu/item/9200518/ark__12148_btv1b105020015?utm_source=api&utm_medium=api&utm_campaign=apidemo,7,2019-09-02T17:11:38.214Z
[In the Orchard]: [The Usher]: [estampe]/Vincent [Van Gogh],IMAGE,France,National Library of France,National Library of France,1883,http://rightsstatements.org/vocab/NoC-OKLR/1.0/,fr,"Van Gogh, Vincent (1853-1890). Graveur",https://www.europeana.eu/item/9200518/ark__12148_btv1b10502005z?utm_source=api&utm_medium=api&utm_campaign=apidemo,7,2019-09-02T15:13:40.463Z
"Paul Ferdinand Gachet. Etching by V. van Gogh, 1890.",IMAGE,United Kingdom,Wellcome Collection,Wellcome Collection,1890,http://creativecommons.org/licenses/by/4.0/,en,Vincent van Gogh,https://www.europeana.eu/item/9200579/ans77zt9?utm_source=api&utm_medium=api&utm_campaign=apidemo,10,2019-06-09T11:31:35.463Z
Brieven aan zijn broeder. Deel 3,TEXT,Netherlands,Digital Library for Dutch Literature,Dutch Collections for Europe,1914,http://rightsstatements.org/vocab/InC/1.0/,nl,"Gogh, Vincent van",https://www.europeana.eu/item/2021602/0680681509D30F3864A32CCE17A36A7C3F395F4D?utm_source=api&utm_medium=api&utm_campaign=apidemo,6,1970-01-01T00:00:00.000Z
Van Gogh Museum Journal 2002,TEXT,Netherlands,Digital Library for Dutch Literature,Dutch Collections for Europe,2002,http://rightsstatements.org/vocab/InC/1.0/,nl,[tijdschrift] Van Gogh Museum Journal,https://www.europeana.eu/item/2021602/15247402F7C40836746316C7B6C0926F6A26F130?utm_source=api&utm_medium=api&utm_campaign=apidemo,6,1970-01-01T00:00:00.000Z
Van Gogh Museum Journal 2001,TEXT,Netherlands,Digital Library for Dutch Literature,Dutch Collections for Europe,2001,http://rightsstatements.org/vocab/InC/1.0/,nl,[tijdschrift] Van Gogh Museum Journal,https://www.europeana.eu/item/2021602/1883431276B1A0683ED5D760271F246D864CF06D?utm_source=api&utm_medium=api&utm_campaign=apidemo,6,1970-01-01T00:00:00.000Z
Van Gogh Museum Journal 1995-2003,TEXT,Netherlands,Digital Library for Dutch Literature,Dutch Collections for Europe,1995,http://rightsstatements.org/vocab/InC/1.0/,nl,[tijdschrift] Van Gogh Museum Journal,https://www.europeana.eu/item/2021602/2F24F4BA18C6F6F4D474FCF210B60251CFA165E0?utm_source=api&utm_medium=api&utm_campaign=apidemo,0,1970-01-01T00:00:00.000Z
Van Gogh Museum Journal 2000,TEXT,Netherlands,Digital Library for Dutch Literature,Dutch Collections for Europe,2000,http://rightsstatements.org/vocab/InC/1.0/,nl,[tijdschrift] Van Gogh Museum Journal,https://www.europeana.eu/item/2021602/46486EDAF2CC6C70615B963244BA7C2FB8F3AC64?utm_source=api&utm_medium=api&utm_campaign=apidemo,6,1970-01-01T00:00:00.000Z
Brieven aan zijn broeder. Deel 1,TEXT,Netherlands,Digital Library for Dutch Literature,Dutch Collections for Europe,1914,http://rightsstatements.org/vocab/InC/1.0/,nl,"Gogh, Vincent van",https://www.europeana.eu/item/2021602/49F6AA722113CEC52AF36FD548085DD223FE21F8?utm_source=api&utm_medium=api&utm_campaign=apidemo,6,1970-01-01T00:00:00.000Z
Levensdoel,TEXT,Netherlands,Digital Library for Dutch Literature,Dutch Collections for Europe,1919,http://rightsstatements.org/vocab/InC/1.0/,nl,"Gogh-Kaulbach, Anna van",https://www.europeana.eu/item/2021602/6E574C13EB9F77513D8A6E5AC6BBFB10201F6132?utm_source=api&utm_medium=api&utm_campaign=apidemo,5,1970-01-01T00:00:00.000Z
Van Gogh Museum Journal 1999,TEXT,Netherlands,Digital Library for Dutch Literature,Dutch Collections for Europe,1999,http://rightsstatements.org/vocab/InC/1.0/,nl,[tijdschrift] Van Gogh Museum Journal,https://www.europeana.eu/item/2021602/7C873C750879F47F29B08C0959F041774D685DFC?utm_source=api&utm_medium=api&utm_campaign=apidemo,6,1970-01-01T00:00:00.000Z
In het bloembollenland,TEXT,Netherlands,Digital Library for Dutch Literature,Dutch Collections for Europe,1904,http://rightsstatements.org/vocab/InC/1.0/,nl,"Gogh-Kaulbach, Anna van",https://www.europeana.eu/item/2021602/8445E7AAC6AB12110AE1AA1C123797129A7E3274?utm_source=api&utm_medium=api&utm_campaign=apidemo,5,1970-01-01T00:00:00.000Z
Brieven aan zijn broeder (3 delen),TEXT,Netherlands,Digital Library for Dutch Literature,Dutch Collections for Europe,1914,http://rightsstatements.org/vocab/InC/1.0/,nl,"Gogh, Vincent van",https://www.europeana.eu/item/2021602/8DF27B4CF28C8254E2536DEBA96332C8D4390C18?utm_source=api&utm_medium=api&utm_campaign=apidemo,0,1970-01-01T00:00:00.000Z
Van Gogh Museum Journal 1995,TEXT,Netherlands,Digital Library for Dutch Literature,Dutch Collections for Europe,1995,http://rightsstatements.org/vocab/InC/1.0/,nl,[tijdschrift] Van Gogh Museum Journal,https://www.europeana.eu/item/2021602/94683F1CDC61D620DE98E2098C1DD7BF282D8D28?utm_source=api&utm_medium=api&utm_campaign=apidemo,6,1970-01-01T00:00:00.000Z
Brieven aan zijn broeder. Deel 2,TEXT,Netherlands,Digital Library for Dutch Literature,Dutch Collections for Europe,1914,http://rightsstatements.org/vocab/InC/1.0/,nl,"Gogh, Vincent van",https://www.europeana.eu/item/2021602/A4A05B39CB7D9746E3FD59E55F28FA586860A66A?utm_source=api&utm_medium=api&utm_campaign=apidemo,6,1970-01-01T00:00:00.000Z
Van Gogh Museum Journal 1996,TEXT,Netherlands,Digital Library for Dutch Literature,Dutch Collections for Europe,1996,http://rightsstatements.org/vocab/InC/1.0/,nl,[tijdschrift] Van Gogh Museum Journal,https://www.europeana.eu/item/2021602/B33C1F6B681ACF5A264F882FA7BBE90AA5C20245?utm_source=api&utm_medium=api&utm_campaign=apidemo,6,1970-01-01T00:00:00.000Z
Vertellingen van een Surinaamschen vogel,TEXT,Netherlands,Digital Library for Dutch Literature,Dutch Collections for Europe,1864,http://rightsstatements.org/vocab/InC/1.0/,nl,"Gogh, Christina van",https://www.europeana.eu/item/2021602/BCB64388A5FB6A451C5A7DF252EC702DE741004A?utm_source=api&utm_medium=api&utm_campaign=apidemo,6,1970-01-01T00:00:00.000Z
Asschepoester,TEXT,Netherlands,Digital Library for Dutch Literature,Dutch Collections for Europe,1913,http://rightsstatements.org/vocab/InC/1.0/,nl,"Gogh-Kaulbach, Anna van",https://www.europeana.eu/item/2021602/C8145838E9A4A598F536370EDC753026266D9C81?utm_source=api&utm_medium=api&utm_campaign=apidemo,5,1970-01-01T00:00:00.000Z
Van Gogh Museum Journal 1997-1998,TEXT,Netherlands,Digital Library for Dutch Literature,Dutch Collections for Europe,1998,http://rightsstatements.org/vocab/InC/1.0/,nl,[tijdschrift] Van Gogh Museum Journal,https://www.europeana.eu/item/2021602/D25F349A690F2BB662903F0AA1659D2D3B37C05C?utm_source=api&utm_medium=api&utm_campaign=apidemo,6,1970-01-01T00:00:00.000Z
Rika,TEXT,Netherlands,Digital Library for Dutch Literature,Dutch Collections for Europe,1917,http://rightsstatements.org/vocab/InC/1.0/,nl,"Gogh-Kaulbach, Anna van",https://www.europeana.eu/item/2021602/EA812537306C47E81243C2292AE979F706ECECCB?utm_source=api&utm_medium=api&utm_campaign=apidemo,5,1970-01-01T00:00:00.000Z
Van Gogh Museum Journal 2003,TEXT,Netherlands,Digital Library for Dutch Literature,Dutch Collections for Europe,2003,http://rightsstatements.org/vocab/InC/1.0/,nl,[tijdschrift] Van Gogh Museum Journal,https://www.europeana.eu/item/2021602/EDA0CFBC0BFCBE86D213CDC4FEB7F18D809546F3?utm_source=api&utm_medium=api&utm_campaign=apidemo,6,1970-01-01T00:00:00.000Z
Winter,IMAGE,Germany,German Documentation Center for Art History - Marburg Picture Index,German Digital Library,,http://rightsstatements.org/vocab/InC/1.0/,de,"Gogh, Vincent van",https://www.europeana.eu/item/199/item_DOIGOBUI4LMIA6RL3YECVHQ3DOWH6ASU?utm_source=api&utm_medium=api&utm_campaign=apidemo,5,2019-04-16T10:45:12.062Z
De aardappelrooister,IMAGE,Belgium,Royal Institute for Cultural Heritage,MUSEU,,http://creativecommons.org/licenses/by-nc-sa/3.0/,fr,"Van Gogh, Vincent",https://www.europeana.eu/item/2048001/AP_10128827?utm_source=api&utm_medium=api&utm_campaign=apidemo,5,2022-10-11T07:58:02.251Z
La mirada de Vincent,IMAGE,Spain,National Library of Spain,Hispana,2015,http://creativecommons.org/licenses/by-nc-sa/4.0/,es,"Gogh, Vincent van, 1853-1890",https://www.europeana.eu/item/2022717/bnesearch_detalle_bdh0000208508?utm_source=api&utm_medium=api&utm_campaign=apidemo,10,2018-06-05T14:06:15.265Z
Brief aan Anne Gerard Christiaan de Vries / Cornelia Elisabeth van Gogh-Gijsberti Hodenpijl,IMAGE,Netherlands,VU University Amsterdam Library,The European Library,1912,http://creativecommons.org/publicdomain/zero/1.0/,en,Cornelia Elisabeth van Gogh-Gijsberti Hodenpijl 1885-1986 (Correspondent),https://www.europeana.eu/item/9200244/BibliographicResource_3000051353948?utm_source=api&utm_medium=api&utm_campaign=apidemo,10,2014-04-02T13:29:17.158Z
Brief aan Anne Gerard Christiaan de Vries / Johanna van Gogh-Franken,IMAGE,Netherlands,VU University Amsterdam Library,The European Library,1912,http://creativecommons.org/publicdomain/zero/1.0/,en,Johanna van Gogh-Franken 1836-1919 (Correspondent),https://www.europeana.eu/item/9200244/BibliographicResource_3000051353984?utm_source=api&utm_medium=api&utm_campaign=apidemo,10,2014-04-02T13:29:18.764Z
